Index,Timestamp,CPU_Usage(%),RAM_Usage(MB),CPU_Temp(C),T_oxy,Oxygen,T_pH,PH
1,2025-06-19 13:59:17,0,369.16,49.6,153.68,222.547,6.28,8.025
2,2025-06-19 13:59:28,0,367.41,49.05,8.88,222.287,5.66,8.024
3,2025-06-19 13:59:38,0,367.38,49.05,8.91,221.643,5.66,8.019
4,2025-06-19 13:59:48,0,366.91,49.6,9.05,220.182,5.69,8.009
5,2025-06-19 13:59:58,0,366.78,50.7,8.81,219.866,5.67,8.007
6,2025-06-19 14:00:07,0,366.75,48.5,20.74,219.778,13.66,8.007
7,2025-06-19 14:00:17,0,366.73,47.4,20.62,220.265,13.57,8.01
8,2025-06-19 14:00:27,4.8,366.72,44.65,20.65,219.087,13.6,8.002
9,2025-06-19 14:00:37,0,366.69,46.3,20.62,218.255,13.64,7.995
10,2025-06-19 14:00:47,0,366.55,44.65,20.71,218.844,13.65,8
11,2025-06-19 14:00:58,0,366.73,43.55,20.68,218.424,13.6,7.997
12,2025-06-19 14:01:08,0,366.72,44.1,20.62,217.611,13.57,7.991
13,2025-06-19 14:01:18,0,366.92,43,20.71,217.038,13.67,7.986
14,2025-06-19 14:01:28,0,367.09,43.55,20.63,217.125,13.5,7.987
15,2025-06-19 14:01:38,0,367.08,41.9,20.59,216.805,13.59,7.984
16,2025-06-19 14:01:48,4.9,367.3,41.9,29.61,217.095,23.02,7.986
17,2025-06-19 14:01:58,0,367.28,43,21.27,217.578,13.67,7.99
18,2025-06-19 14:02:08,0,367.47,41.9,20.67,218.213,13.68,7.995
19,2025-06-19 14:02:19,0,367.22,41.9,20.74,218.378,13.62,7.996
20,2025-06-19 14:02:29,0,367.42,43,20.53,218.19,13.51,7.995
21,2025-06-19 14:02:39,0,367.28,41.35,20.65,218.301,13.65,7.996
22,2025-06-19 14:02:49,0,367.14,43,20.58,218.159,13.65,7.995
23,2025-06-19 14:02:59,0,367.34,42.45,20.45,217.825,13.62,7.992
24,2025-06-19 14:03:09,0,367,42.45,20.58,217.568,13.62,7.99
25,2025-06-19 14:03:19,0,367.19,41.35,20.55,217.233,13.61,7.988
26,2025-06-19 14:03:30,0,366.94,40.8,20.64,216.762,13.64,7.984
27,2025-06-19 14:03:40,0,367.14,40.8,20.79,216.762,13.7,7.984
28,2025-06-19 14:03:50,0,367.12,41.9,20.63,217.138,13.53,7.987
29,2025-06-19 14:04:00,0,367.27,40.25,20.56,217.274,13.65,7.988
30,2025-06-19 14:04:10,0,367.47,41.9,20.73,217.077,13.61,7.986
31,2025-06-19 14:04:20,0,367.36,40.8,20.64,216.284,13.56,7.98
32,2025-06-19 14:04:30,0,367.33,40.25,20.45,216.269,13.58,7.979
33,2025-06-19 14:04:41,0,367.55,40.25,20.59,216.511,13.67,7.982
34,2025-06-19 14:04:51,0,367.77,40.8,20.54,216.469,13.63,7.981
35,2025-06-19 14:05:01,0,367.62,40.8,20.59,216.381,13.74,7.98
36,2025-06-19 14:05:11,0,367.84,41.35,20.58,216.179,13.71,7.979
37,2025-06-19 14:05:21,0,367.83,40.25,20.54,216.046,13.61,7.978
38,2025-06-19 14:05:31,0,368.05,40.25,20.59,215.824,13.61,7.976
39,2025-06-19 14:05:41,0,368.02,41.35,20.53,215.113,13.56,7.97
40,2025-06-19 14:05:52,0,368.16,40.25,20.46,214.463,13.59,7.964
41,2025-06-19 14:06:02,0,368.11,41.35,20.65,nan,13.61,nan
42,2025-06-19 14:06:12,0,368.09,40.25,20.55,nan,13.59,nan
43,2025-06-19 14:06:22,0,367.95,40.25,20.58,nan,13.74,nan
44,2025-06-19 14:06:32,0,367.94,40.25,20.52,nan,13.49,nan
45,2025-06-19 14:06:42,0,367.92,40.8,20.61,nan,13.59,nan
46,2025-06-19 14:06:52,0,367.89,41.35,20.64,nan,13.6,nan
47,2025-06-19 14:07:02,0,368.05,42.45,20.65,nan,13.63,nan
48,2025-06-19 14:07:13,0,368.03,41.35,20.71,nan,13.67,nan
49,2025-06-19 14:07:23,0,367.89,40.25,20.61,nan,13.61,nan
50,2025-06-19 14:07:33,7.7,367.88,40.25,20.49,nan,13.61,nan
51,2025-06-19 14:07:43,0,367.86,40.25,20.42,nan,13.59,nan
52,2025-06-19 14:07:53,0,367.75,39.7,20.62,nan,13.57,nan
53,2025-06-19 14:08:03,0,367.72,40.25,20.68,nan,13.64,nan
54,2025-06-19 14:08:13,0,367.7,40.25,20.6,nan,13.53,nan
55,2025-06-19 14:08:24,0,367.69,41.35,20.53,nan,13.61,nan
56,2025-06-19 14:08:34,0,367.66,40.8,20.59,nan,13.6,nan
57,2025-06-19 14:08:44,0,367.62,40.25,20.55,nan,13.58,nan
58,2025-06-19 14:08:54,0,367.61,41.35,20.56,nan,13.65,nan
59,2025-06-19 14:09:04,0,367.59,41.9,20.57,nan,13.73,nan
60,2025-06-19 14:09:14,0,367.56,41.35,20.65,nan,13.56,nan
61,2025-06-19 14:09:24,4.8,367.47,40.8,20.55,nan,13.63,nan
62,2025-06-19 14:09:35,0,367.2,40.8,20.58,nan,13.67,nan
63,2025-06-19 14:09:45,0,367.19,41.9,20.68,nan,13.66,nan
64,2025-06-19 14:09:55,2.4,367.17,40.25,20.64,nan,13.61,nan
65,2025-06-19 14:10:05,0,367.16,40.25,20.46,nan,13.71,nan
66,2025-06-19 14:10:15,0,367,40.25,20.55,nan,13.71,nan
67,2025-06-19 14:10:25,0,366.98,41.9,20.63,nan,13.59,nan
68,2025-06-19 14:10:35,0,366.97,40.25,20.67,nan,13.68,nan
69,2025-06-19 14:10:45,0,366.95,41.35,20.59,nan,13.69,nan
70,2025-06-19 14:10:56,0,366.92,41.35,20.53,nan,13.65,nan
71,2025-06-19 14:11:06,4.8,366.91,41.9,20.54,nan,13.51,nan
72,2025-06-19 14:11:16,0,366.89,40.25,20.72,215.632,13.64,7.974
73,2025-06-19 14:11:26,0,366.86,41.35,20.56,216,13.58,7.977
74,2025-06-19 14:11:36,0,366.84,40.25,20.55,216.136,13.58,7.978
75,2025-06-19 14:11:46,2.4,366.83,40.8,20.55,216.095,13.58,7.978
76,2025-06-19 14:11:56,0,366.8,40.25,20.57,216.288,13.57,7.98
77,2025-06-19 14:12:07,0,366.69,40.25,20.55,216.773,13.64,7.984
78,2025-06-19 14:12:17,0,366.67,40.8,20.65,216.474,13.62,7.981
79,2025-06-19 14:12:27,2.4,366.64,41.9,20.63,216.136,13.59,7.978
80,2025-06-19 14:12:37,0,366.61,41.35,20.55,216.29,13.64,7.98
81,2025-06-19 14:12:47,0,366.58,40.25,20.6,216.213,13.62,7.979
82,2025-06-19 14:12:57,0,366.56,40.25,20.56,216.283,13.58,7.98
83,2025-06-19 14:13:07,2.4,366.53,40.8,20.57,216.32,13.54,7.98
84,2025-06-19 14:13:18,0,366.52,40.8,20.68,216.445,13.6,7.981
85,2025-06-19 14:13:28,0,366.48,42.45,20.64,216.464,13.61,7.981
86,2025-06-19 14:13:38,0,366.47,41.9,20.67,216.263,13.59,7.979
87,2025-06-19 14:13:48,4.8,366.45,41.35,20.55,216.433,13.61,7.981
88,2025-06-19 14:13:58,0,366.42,40.8,20.72,216.329,13.63,7.98
89,2025-06-19 14:14:08,0,366.41,40.25,20.64,216.342,13.65,7.98
90,2025-06-19 14:14:18,0,366.11,41.9,20.75,216.509,13.57,7.982
91,2025-06-19 14:14:28,4.8,366.08,40.8,24.06,216.655,13.71,7.983
92,2025-06-19 14:14:39,0,366.06,41.35,20.61,216.657,13.66,7.983
93,2025-06-19 14:14:49,0,366.28,40.8,20.78,216.597,13.57,7.982
94,2025-06-19 14:14:59,0,365.98,42.45,20.55,217.696,13.6,7.991
95,2025-06-19 14:15:09,4.8,365.97,42.45,20.54,219.4,13.57,8.004
96,2025-06-19 14:15:19,0,365.95,41.9,20.53,220.365,13.57,8.011
97,2025-06-19 14:15:29,0,365.92,41.35,20.65,220.714,13.63,8.013
98,2025-06-19 14:15:39,0,366.14,40.25,20.68,220.512,13.54,8.012
99,2025-06-19 14:15:50,4.8,365.84,41.9,20.58,220.415,13.67,8.011
100,2025-06-19 14:16:00,0,366.06,40.25,20.46,219.963,13.6,8.008
101,2025-06-19 14:16:10,0,368.58,39.7,20.89,220.138,13.68,8.009
102,2025-06-19 14:16:20,0,368.69,40.8,20.69,221.398,13.65,8.018
103,2025-06-19 14:16:30,0,375.88,42.45,20.88,222.902,13.73,8.028
104,2025-06-19 14:16:40,0,378.05,41.35,20.78,224.053,13.66,8.035
105,2025-06-19 14:16:50,0,378.25,40.8,20.87,224.295,13.63,8.037
106,2025-06-19 14:17:01,0,378.45,40.25,20.58,223.816,13.67,8.034
107,2025-06-19 14:17:11,0,379.78,41.9,20.7,223.377,13.69,8.031
108,2025-06-19 14:17:21,0,379.53,41.35,20.67,222.838,13.61,8.027
109,2025-06-19 14:17:31,0,379.52,40.8,20.43,222.478,13.61,8.025
110,2025-06-19 14:17:41,0,379.27,41.9,20.6,223.259,13.66,8.03
111,2025-06-19 14:17:51,0,379.25,40.8,20.65,224.045,13.7,8.035
112,2025-06-19 14:18:01,0,379.22,41.9,20.54,224.383,13.59,8.037
113,2025-06-19 14:18:12,2.4,379.19,41.35,20.54,224.618,13.71,8.039
114,2025-06-19 14:18:22,0,379.16,41.9,20.52,225.588,13.57,8.045
115,2025-06-19 14:18:32,0,379.14,40.8,20.63,225.816,13.61,8.046
116,2025-06-19 14:18:42,0,379.12,40.8,20.56,225.741,13.55,8.046
117,2025-06-19 14:18:52,0,379.09,40.8,20.6,225.27,13.59,8.043
118,2025-06-19 14:19:02,5,379.08,41.35,20.58,225.193,13.65,8.042
119,2025-06-19 14:19:12,0,379.06,40.8,20.47,225.43,13.6,8.044
120,2025-06-19 14:19:22,0,379.23,41.9,20.77,225.625,13.56,8.045
121,2025-06-19 14:19:33,0,378.98,41.9,20.61,225.677,13.63,8.045
122,2025-06-19 14:19:43,0,379.17,40.8,20.88,225.496,13.81,8.044
123,2025-06-19 14:19:53,0,378.89,41.35,20.9,225.537,13.59,8.045
124,2025-06-19 14:20:03,0,377.62,42.45,21.03,226.077,13.64,8.048
125,2025-06-19 14:20:13,0,374.72,41.9,21.08,226.89,13.58,8.053
126,2025-06-19 14:20:23,0,375.7,42.45,21.33,227.64,13.61,8.057
127,2025-06-19 14:20:33,0,375.09,41.9,20.85,228.069,13.56,8.06
128,2025-06-19 14:20:44,0,372.14,43,20.74,227.192,13.72,8.055
129,2025-06-19 14:20:54,0,375.88,42.45,20.8,227.147,13.6,8.054
130,2025-06-19 14:21:04,0,375.84,42.45,20.66,227.229,13.59,8.055
131,2025-06-19 14:21:14,0,375.34,41.9,20.82,227.387,13.64,8.056
132,2025-06-19 14:21:24,0,375.55,41.9,20.66,227.401,13.64,8.056
133,2025-06-19 14:21:34,0,375.77,41.35,20.69,227.442,13.65,8.056
134,2025-06-19 14:21:44,4.8,375.75,41.35,20.78,227.829,13.65,8.058
135,2025-06-19 14:21:55,0,375.72,40.8,20.44,227.968,13.61,8.059
136,2025-06-19 14:22:05,0,375.7,41.35,20.6,227.518,13.7,8.057
137,2025-06-19 14:22:15,0,375.69,41.9,21.98,227.679,13.68,8.057
138,2025-06-19 14:22:25,0,375.89,41.9,20.68,227.516,13.7,8.057
139,2025-06-19 14:22:35,0,375.86,40.8,20.65,227.318,13.69,8.055
140,2025-06-19 14:22:45,0,375.84,41.9,20.51,227.415,13.61,8.056
141,2025-06-19 14:22:55,0,375.83,40.8,20.67,227.859,13.7,8.058
142,2025-06-19 14:23:05,0,375.8,41.9,20.57,228.204,13.66,8.06
143,2025-06-19 14:23:16,0,375.78,41.35,20.59,228.328,13.64,8.061
144,2025-06-19 14:23:26,0,372.25,42.45,20.68,228.34,13.55,8.061
145,2025-06-19 14:23:36,0,372.22,41.35,20.49,228.333,13.63,8.061
146,2025-06-19 14:23:46,0,372.2,41.9,20.5,228.577,13.62,8.063
147,2025-06-19 14:23:56,0,372.19,41.35,20.54,228.929,13.68,8.064
148,2025-06-19 14:24:06,0,372.17,42.45,20.44,229.014,13.65,8.065
149,2025-06-19 14:24:16,0,372.14,42.45,20.54,228.76,13.62,8.064
150,2025-06-19 14:24:27,0,372.11,43.55,20.71,229.207,13.65,8.066
151,2025-06-19 14:24:37,0,372.08,42.45,20.6,230.048,13.67,8.071
152,2025-06-19 14:24:47,0,372.06,41.9,20.55,230.5,13.55,8.073
153,2025-06-19 14:24:57,0,374.38,41.35,20.67,230.642,13.59,8.074
154,2025-06-19 14:25:07,0,375.53,41.35,20.75,230.419,13.68,8.073
155,2025-06-19 14:25:17,0,375.5,40.8,20.54,230.58,13.62,8.073
156,2025-06-19 14:25:27,0,375.48,41.9,20.49,230.911,13.56,8.075
157,2025-06-19 14:25:38,0,375.47,42.45,20.54,231.227,13.73,8.077
158,2025-06-19 14:25:48,0,375.44,42.45,20.45,231.695,13.64,8.079
159,2025-06-19 14:25:58,0,375.42,42.45,20.57,232.262,13.55,8.082
160,2025-06-19 14:26:08,0,375.41,42.45,20.46,232.104,13.61,8.081
161,2025-06-19 14:26:18,2.4,375.39,43,20.51,231.857,13.5,8.08
162,2025-06-19 14:26:28,0,375.36,41.35,20.49,232.556,13.62,8.083
163,2025-06-19 14:26:38,0,375.34,42.45,20.57,233.034,13.64,8.085
164,2025-06-19 14:26:49,0,375.33,41.35,20.57,233.872,13.59,8.089
165,2025-06-19 14:26:59,2.4,375.28,40.8,20.88,234.592,13.64,8.093
166,2025-06-19 14:27:09,0,375.27,41.9,20.58,235.489,13.63,8.097
167,2025-06-19 14:27:19,0,375.25,42.45,20.54,236.075,13.55,8.099
168,2025-06-19 14:27:29,0,375.23,42.45,20.58,236.72,13.54,8.102
169,2025-06-19 14:27:39,0,375.2,43,20.44,237.73,13.72,8.106
170,2025-06-19 14:27:49,0,375.19,41.9,20.52,238.412,13.66,8.109
171,2025-06-19 14:27:59,0,375.17,43,20.5,238.346,13.58,8.108
172,2025-06-19 14:28:10,0,375.14,41.35,20.66,238.558,13.58,8.109
173,2025-06-19 14:28:20,0,375.12,43,20.42,239.149,13.58,8.111
174,2025-06-19 14:28:30,0,375.11,40.8,20.5,239.099,13.59,8.111
175,2025-06-19 14:28:40,0,375.09,41.35,20.47,239.177,13.62,8.112
176,2025-06-19 14:28:50,0,375.06,42.45,20.58,239.326,13.71,8.112
177,2025-06-19 14:29:00,0,371.3,41.9,20.84,239.442,13.67,8.113
178,2025-06-19 14:29:10,0,371.27,42.45,20.55,238.797,13.63,8.11
179,2025-06-19 14:29:21,0,371.25,41.9,20.56,238.665,13.58,8.11
180,2025-06-19 14:29:31,0,371.2,41.35,20.72,238.853,13.63,8.11
181,2025-06-19 14:29:41,0,371.17,41.9,20.51,239.423,13.53,8.113
182,2025-06-19 14:29:51,2.4,371.16,41.35,20.43,239,13.53,8.111
183,2025-06-19 14:30:01,0,371.14,41.9,20.48,238.714,13.6,8.11
184,2025-06-19 14:30:11,0,371.11,42.45,20.55,238.898,13.66,8.11
185,2025-06-19 14:30:21,0,371.09,42.45,20.65,239.55,13.61,8.113
186,2025-06-19 14:30:32,2.4,371.06,42.45,20.59,240.64,13.62,8.117
187,2025-06-19 14:30:42,0,371.03,41.9,20.51,240.738,13.63,8.117
188,2025-06-19 14:30:52,0,371.02,41.35,20.46,241.589,13.59,8.12
189,2025-06-19 14:31:02,0,380.11,42.45,20.8,241.828,13.7,8.121
190,2025-06-19 14:31:12,0,380.11,43,20.69,242.667,13.63,8.124
191,2025-06-19 14:31:22,0,379.84,42.45,20.72,243.063,13.61,8.126
192,2025-06-19 14:31:32,0,379.83,43,20.56,243.547,13.54,8.127
193,2025-06-19 14:31:42,0,379.58,41.35,20.49,244.376,13.56,8.13
194,2025-06-19 14:31:53,2.4,379.55,43,20.61,244.777,13.56,8.131
195,2025-06-19 14:32:03,0,379.3,41.9,20.58,244.849,13.82,8.131
196,2025-06-19 14:32:13,0,379.05,41.9,20.57,245.64,13.61,8.134
197,2025-06-19 14:32:23,0,379.03,41.35,20.6,245.941,13.52,8.135
198,2025-06-19 14:32:33,0,378.77,41.35,20.64,245.417,13.7,8.133
199,2025-06-19 14:32:43,0,378.75,41.35,20.54,246.506,13.62,8.136
200,2025-06-19 14:32:53,0,378.5,43,20.7,245.708,13.63,8.134
201,2025-06-19 14:33:04,0,378.7,41.9,20.72,245.259,13.68,8.133
202,2025-06-19 14:33:14,0,378.44,41.35,20.54,246.08,13.67,8.135
203,2025-06-19 14:33:24,0,378.66,41.9,20.56,246.511,13.58,8.136
204,2025-06-19 14:33:34,0,378.64,42.45,20.66,246.382,13.59,8.136
205,2025-06-19 14:33:44,0,378.84,41.35,20.62,246.74,13.56,8.137
206,2025-06-19 14:33:54,0,379.06,41.9,20.7,246.249,13.68,8.136
207,2025-06-19 14:34:04,0,379.05,41.35,20.57,245.988,13.59,8.135
208,2025-06-19 14:34:15,0,379.25,40.8,20.58,245.737,13.58,8.134
209,2025-06-19 14:34:25,0,379.23,42.45,20.64,245.89,13.54,8.134
210,2025-06-19 14:34:35,0,379.44,42.45,20.6,246.105,13.59,8.135
211,2025-06-19 14:34:45,0,379.41,41.9,20.66,246.156,13.75,8.135
212,2025-06-19 14:34:55,0,379.39,41.9,20.64,245.995,13.68,8.135
213,2025-06-19 14:35:05,0,379.36,42.45,20.5,246.074,13.6,8.135
214,2025-06-19 14:35:15,0,380.06,42.45,21.41,247.078,13.72,8.138
215,2025-06-19 14:35:25,0,382.09,43,20.94,247.277,13.62,8.139
216,2025-06-19 14:35:36,2.4,382.08,41.35,20.66,247.458,13.58,8.139
217,2025-06-19 14:35:46,0,383.45,41.9,20.9,247.336,13.65,8.139
218,2025-06-19 14:35:56,0,382.73,42.45,20.68,247.075,13.56,8.138
219,2025-06-19 14:36:06,0,382.72,41.9,20.65,246.71,13.53,8.137
220,2025-06-19 14:36:16,0,382.69,41.35,20.54,246.849,13.64,8.137
221,2025-06-19 14:36:26,0,382.67,41.35,20.48,246.996,13.64,8.138
222,2025-06-19 14:36:36,0,382.66,42.45,20.56,247.6,13.59,8.14
223,2025-06-19 14:36:47,0,382.64,43,20.56,247.461,13.58,8.139
224,2025-06-19 14:36:57,0,382.61,41.9,20.71,247.305,13.6,8.139
225,2025-06-19 14:37:07,0,382.59,43,20.37,247.247,13.63,8.139
226,2025-06-19 14:37:17,0,382.58,42.45,20.53,247.157,13.61,8.138
227,2025-06-19 14:37:27,0,382.55,40.8,20.57,247.228,13.64,8.138
228,2025-06-19 14:37:37,0,382.53,42.45,20.5,246.931,13.57,8.138
229,2025-06-19 14:37:47,0,382.52,41.9,20.55,247.178,13.64,8.138
230,2025-06-19 14:37:58,0,382.5,42.45,20.45,247.728,13.57,8.14
231,2025-06-19 14:38:08,0,382.47,42.45,20.62,247.829,13.66,8.14
232,2025-06-19 14:38:18,0,382.44,41.9,20.54,247.754,13.61,8.14
233,2025-06-19 14:38:28,2.4,382.42,41.9,20.56,247.649,13.58,8.14
234,2025-06-19 14:38:38,0,382.41,41.35,20.52,247.485,13.63,8.139
235,2025-06-19 14:38:48,0,382.86,42.45,20.84,247.494,13.63,8.139
236,2025-06-19 14:38:58,0,382.84,41.35,20.53,247.122,13.54,8.138
237,2025-06-19 14:39:09,2.4,382.83,42.45,20.55,247.615,13.55,8.14
238,2025-06-19 14:39:19,0,382.81,41.9,20.46,247.313,13.66,8.139
239,2025-06-19 14:39:29,0,382.78,41.9,20.78,246.629,13.61,8.137
240,2025-06-19 14:39:39,0,382.75,41.35,20.53,246.156,13.64,8.135
241,2025-06-19 14:39:49,2.4,382.72,42.45,20.59,245.611,13.53,8.134
242,2025-06-19 14:39:59,0,382.7,41.35,20.48,245.791,13.6,8.134
243,2025-06-19 14:40:09,0,382.69,42.45,20.49,245.826,13.58,8.134
244,2025-06-19 14:40:19,0,382.66,41.9,20.55,245.759,13.52,8.134
245,2025-06-19 14:40:30,0,382.64,40.8,20.53,245.661,13.59,8.134
246,2025-06-19 14:40:40,2.4,382.62,43,20.66,245.596,13.62,8.134
247,2025-06-19 14:40:50,0,382.59,42.45,20.63,245.702,13.65,8.134
248,2025-06-19 14:41:00,0,382.58,42.45,20.66,245.772,13.59,8.134
249,2025-06-19 14:41:10,0,382.56,43,20.83,245.905,13.68,8.134
250,2025-06-19 14:41:20,0,382.55,42.45,20.57,246.032,13.61,8.135
251,2025-06-19 14:41:30,0,382.52,41.35,20.61,246.509,13.57,8.136
252,2025-06-19 14:41:41,0,382.5,41.9,20.64,246.081,13.53,8.135
253,2025-06-19 14:41:51,0,382.48,42.45,20.72,245.753,13.59,8.134
254,2025-06-19 14:42:01,0,382.45,41.9,20.46,245.565,13.46,8.133
255,2025-06-19 14:42:11,0,382.42,41.9,20.66,245.496,13.63,8.133
256,2025-06-19 14:42:21,0,382.41,42.45,20.66,245.652,13.51,8.134
257,2025-06-19 14:42:31,0,382.39,41.9,20.46,245.492,13.63,8.133
258,2025-06-19 14:42:41,0,382.38,43,20.49,245.517,13.51,8.133
259,2025-06-19 14:42:52,0,382.34,41.9,20.61,245.605,13.65,8.134
260,2025-06-19 14:43:02,0,382.33,43,20.59,245.282,13.7,8.133
261,2025-06-19 14:43:12,0,382.31,42.45,20.55,244.948,13.58,8.132
262,2025-06-19 14:43:22,0,382.28,42.45,20.43,244.506,13.51,8.13
263,2025-06-19 14:43:32,0,382.27,42.45,20.46,244.619,13.59,8.131
264,2025-06-19 14:43:42,0,382.25,43,20.59,244.617,13.68,8.131
265,2025-06-19 14:43:52,0,382.92,41.35,20.85,244.209,13.6,8.129
266,2025-06-19 14:44:02,0,382.2,40.8,20.67,243.967,13.56,8.128
267,2025-06-19 14:44:13,0,382.19,41.9,20.6,243.892,13.73,8.128
268,2025-06-19 14:44:23,0,382.16,43,20.6,244.933,14.6,8.132
269,2025-06-19 14:44:33,0,382.14,41.9,20.51,246.218,13.51,8.135
270,2025-06-19 14:44:43,0,382.11,43,20.76,247.144,13.53,8.138
271,2025-06-19 14:44:53,0,382.08,41.9,20.56,247.717,13.63,8.14
272,2025-06-19 14:45:03,0,382.06,41.9,20.52,246.828,13.63,8.137
273,2025-06-19 14:45:13,0,382.05,41.35,20.52,246.08,13.51,8.135
274,2025-06-19 14:45:24,0,382.02,41.9,20.48,246.141,13.55,8.135
275,2025-06-19 14:45:34,0,382,43,20.61,245.78,13.63,8.134
276,2025-06-19 14:45:44,0,381.97,43,20.6,245.486,13.65,8.133
277,2025-06-19 14:45:54,0,381.94,41.9,20.68,244.942,13.56,8.132
278,2025-06-19 14:46:04,0,381.91,43,20.49,244.995,13.63,8.132
279,2025-06-19 14:46:14,0,381.88,43,20.58,245.103,13.55,8.132
280,2025-06-19 14:46:24,0,381.86,41.9,20.63,244.463,13.63,8.13
281,2025-06-19 14:46:35,0,381.84,41.35,20.68,243.905,13.59,8.128
282,2025-06-19 14:46:45,0,381.83,41.9,20.56,243.585,13.61,8.127
283,2025-06-19 14:46:55,4.8,381.81,40.8,20.6,242.93,13.57,8.125
284,2025-06-19 14:47:05,0,381.8,41.9,20.57,242.715,13.65,8.124
285,2025-06-19 14:47:15,0,381.77,42.45,20.45,241.771,13.53,8.121
286,2025-06-19 14:47:25,0,381.75,42.45,20.55,242.313,13.58,8.123
287,2025-06-19 14:47:35,0,381.73,43,20.73,241.606,13.57,8.121
288,2025-06-19 14:47:45,0,381.72,41.9,20.54,243.158,13.56,8.126
289,2025-06-19 14:47:56,0,381.7,43.55,20.54,243.8,13.58,8.128
290,2025-06-19 14:48:06,0,382.16,43,20.7,243.728,13.63,8.128
291,2025-06-19 14:48:16,0,382.12,41.9,20.51,243.56,13.59,8.127
292,2025-06-19 14:48:26,0,382.11,41.9,20.51,243.552,13.62,8.127
293,2025-06-19 14:48:36,0,382.09,41.35,20.63,243.379,13.68,8.127
294,2025-06-19 14:48:46,0,382.08,43,20.56,243.107,13.58,8.126
295,2025-06-19 14:48:56,0,382.05,43,20.55,241.757,13.6,8.121
296,2025-06-19 14:49:07,0,382.03,43.55,20.66,242.596,13.73,8.124
297,2025-06-19 14:49:17,0,382.02,41.9,20.58,243.45,13.57,8.127
298,2025-06-19 14:49:27,0,381.98,42.45,20.62,244.141,13.69,8.129
299,2025-06-19 14:49:37,0,381.97,41.35,20.6,244.544,13.59,8.13
300,2025-06-19 14:49:47,0,381.94,41.35,20.58,244.328,13.64,8.13
301,2025-06-19 14:49:57,0,381.91,41.9,20.64,243.985,13.67,8.129
302,2025-06-19 14:50:07,0,381.89,42.45,20.58,243.724,13.62,8.128
303,2025-06-19 14:50:18,0,382.09,43,20.56,243.306,13.62,8.126
304,2025-06-19 14:50:28,0,382.08,41.9,20.47,242.478,13.62,8.124
305,2025-06-19 14:50:38,0,382.06,43,20.61,242.302,13.53,8.123
306,2025-06-19 14:50:48,0,382.05,41.35,20.68,242.446,13.64,8.123
307,2025-06-19 14:50:58,0,382,41.9,20.53,241.641,13.64,8.121
308,2025-06-19 14:51:08,0,381.98,41.9,20.62,240.596,13.61,8.117
309,2025-06-19 14:51:18,0,381.97,41.9,20.6,238.753,13.63,8.11
310,2025-06-19 14:51:29,0,381.94,41.35,20.68,237.575,13.61,8.105
311,2025-06-19 14:51:39,0,381.91,41.9,20.51,239.369,13.49,8.112
312,2025-06-19 14:51:49,0,381.89,41.9,20.6,238.075,13.63,8.107
313,2025-06-19 14:51:59,0,381.64,41.9,20.56,237.994,13.65,8.107
314,2025-06-19 14:52:09,0,381.62,41.9,20.59,239.328,13.56,8.112
315,2025-06-19 14:52:19,4.8,381.83,42.45,20.56,239.684,13.58,8.114
316,2025-06-19 14:52:29,0,381.81,41.9,20.72,238.053,13.61,8.107
317,2025-06-19 14:52:39,0,381.8,41.9,20.68,236.561,13.6,8.101
318,2025-06-19 14:52:50,0,383.19,43,20.79,235.273,13.64,8.096
319,2025-06-19 14:53:00,7.5,378.97,42.45,20.99,236.19,13.62,8.1
320,2025-06-19 14:53:10,0,379.3,42.45,23.31,236.997,13.73,8.103
321,2025-06-19 14:53:20,0,379.97,43.55,21.37,234.715,13.7,8.093
