Temperature,PH
1.0000000000000002,0.07840772453997857
0.42473654078581635,0.6281253415923089
0.4990537732448441,0.556893787575163
0.10592173618031797,0.8363326653306942
0.1090996798201922,0.8761122244489101
0.11006180954602507,0.7068937875751686
0.2699794321579303,0.7889779559118608
0.34639585674604056,0.6852505010020309
0.1569729225419345,0.6179559118236995
0.4698691715612451,0.45951903807618777
0.10460974109963694,0.8857915831663377
0.7113320420428428,0.4256622335580289
0.1301207565573288,0.8496793587174665
0.17577818536502976,0.7612625250501424
0.12803043782491996,0.8406116580988225
0.1949916244354457,0.5325050100200741
0.7991799368121921,0.20157457772686627
0.07495865227624487,0.8300000000000622
0.11566760670893239,0.8514884314083133
0.8358574881787897,0.2910621242485192
0.20796579801107207,0.718757515030056
0.16329078097875582,0.81169120850398
0.08422425309047932,0.9840240480962166
0.5501341150526937,0.398336673346698
0.07280114925468273,0.8369939879759798
0.5779484107631323,0.4787374749499165
0.9613557812599345,0.13546729823283954
0.0684620582777069,0.773527925416083
0.4669827823837469,0.43931863727458165
0.6415655944530405,0.1400801603206503
0.20362163652170118,0.5730086259475655
0.40321982146264723,0.5590781563126654
0.3019629566803088,0.8204408817635311
0.1251351752507408,0.840100200400812
0.7953605733551008,0.1902204408817738
0.9057430928097345,0.34547094188379646
0.9104371196539465,0.23238476953910236
0.04373316935603544,0.865711422845699
0.14455016718862312,0.5932774640189535
0.9004368015945377,0.23406813627256895
0.1284259377912671,0.8334181406291066
0.8581614045503676,0.22507014028060013
0.3128379381268451,0.6802404809619773
0.07985676724412083,0.8469338677355083
0.08775028740586133,0.9141779210595544
0.07145999872776199,0.8826853707415054
0.07387990076546735,0.8795991983968108
0.6175706621997004,0.4201402805611565
0.9055098492398379,0.22937875751505743
0.00874663387120711,0.9753707414829762
0.1358935349123256,0.8747094188377176
0.8302887979474569,0.32240480961927886
0.20013312399800132,0.8211640672649736
0.4746215092979367,0.4635070140280533
0.9255396408049019,0.1919038076152404
0.044228811942075286,0.9424995445436437
0.24531392464112645,0.6674663612940321
0.34257649328894946,0.6508817635270887
0.6654730603676753,0.43511022044091163
0.17819808740272824,0.8540681362725735
0.23376836793113287,0.7579959919839894
0.06904009669006372,0.9767134268537347
0.0897696189648245,0.9064729458917924
0.0,0.9603807615230906
0.39289879349462264,0.48771543086175484
0.09545493098110902,0.8659719438878
0.36604397701491,0.4844707597012601
0.10624751660132148,0.8887775551102663
0.20318430482814098,0.8025250501002574
0.5338945314984811,0.6057515030060188
0.8427381734908037,0.266733466933907
0.9587476940692492,0.16621242484968946
0.008076058607750292,0.9766132264529475
0.46651629524395366,0.30603206412828143
0.4236869447212719,0.4007815631262872
0.5073047645300115,0.2669739478957851
0.3712071414940292,0.4812224448897666
0.5225239074659118,0.4179559118236611
0.8460910498081018,0.2631262525050033
0.4203923792964528,0.5827454909819849
0.062305188609234285,0.9301002004008652
0.9057139373634946,0.22168336673348676
0.048689595216390824,0.9588176352705844
0.21875331311888946,0.7697194388777788
0.26484807362015084,0.7315430861723726
0.285548440448679,0.7883166332665752
0.5291421937617966,0.5918316633266869
0.1120152244439303,0.5814028056112264
0.9444323699667092,0.2301002004008268
0.8129704628824665,0.2744689378757741
0.3934235915268951,0.5827655310621651
0.8312800831195224,0.29294589178356034
0.8803778545832339,0.25635270541083344
0.6137804541888414,0.3744689378757471
0.6943077966964193,0.4570559300419461
0.8497354805877693,0.22945891783566452
0.08446332774962784,0.9285370741483092
0.8405515150230018,0.28597194388776614
0.9049850512075654,0.19476953907814476
0.09093583681432116,0.9015631262525332
0.6581258879158616,0.44557462751592425
0.9118657365195793,0.42643286573147776
0.4562244227221621,0.5233066132264881
0.842125909119819,0.29797595190382964
0.8955678420728945,0.2462681885509994
0.9360647568965832,0.19114228456916038
0.7411605987998566,0.3769939879759434
0.5724088759780319,0.28795591182364433
0.6806630478573361,0.09054108216433576
0.27149551536226824,0.6683967935871777
0.48307658870676784,0.4510020040080178
0.8221835838934668,0.1363286573146354
0.32829032463264207,0.7442084168336791
0.6242472593880504,0.4823446893787704
0.11256917792243537,0.8523647294589267
0.9786566987856153,0.14791296879472782
0.8550126163567333,0.24643286573147094
0.008285217243802157,0.9680456565304496
0.9260644388371744,0.5386573146292548
0.7803455185428643,0.22038076152303887
0.048602128877678785,0.9811422845691524
0.1138811730031164,0.8933466933868175
0.6426735014100646,0.3988176352705395
0.566490320391851,0.30258517034069143
0.5562859142087713,0.4365130260521042
0.47080214584084534,0.43496993987977106
0.028834736328750665,0.972364729458981
0.5055807903177172,0.511445499695057
0.00237484362078888,0.9663508835853634
0.660895655308408,0.05216432865729814
0.5292588155467415,0.30306613226454004
0.11565965522359756,0.8735671342685833
0.04784408727550282,0.9337875751503333
0.5120571022667031,0.451462925851736
0.9181633129068485,0.18230460921845548
0.5262558045842984,0.36326653306616663
0.13067471003583409,0.7588176352705531
0.3001553190135948,0.7196192384769589
0.9260352833909349,0.24613226452906645
0.4856714234218973,0.5434669338677409
0.05370433196921165,0.832985971943927
0.12423135641738048,0.8986973947896217
0.7152997179873162,0.08645290581162612
0.8823312694811389,0.45569138276553645
0.025452704565212647,0.9369739478958152
0.34814518352028223,0.6884969939879966
0.10504707279319736,0.7877955911823733
0.9016321748902669,0.5138677354709742
0.07217367334653435,0.7848409863204893
0.9167638514874554,0.15194388777557322
0.05901062318441519,0.9584483252219016
0.06778641250185502,0.8899265197061297
0.0006122643709844944,0.9697995991984243
0.009737919043279586,0.9783366733467247
0.06498748966306866,0.8321442885771972
0.07141309648816785,0.9140942755075727
0.07694122262038983,0.8553707414829788
0.9317497508534591,0.14695390781560747
0.7895801892315186,0.34342249716824114
0.5531371260151368,0.26597194388778433
0.0681945887491826,0.8729058116232906
0.42908070227518746,0.4533066132264665
0.5440114713428486,0.4661494417406473
0.2226157759312961,0.8110220440882046
0.8917776340620427,0.27034068136271827
0.5793187167362854,0.4249098196392751
0.21704835332805184,0.740676134878484
0.008659167532495071,0.9497194388777856
0.7288278450414547,0.15649298597195127
0.40750567205953847,0.5575751503006359
0.06915671847501548,0.8011823647294989
0.11254002247620276,0.9665330661322784
0.32945654248213874,0.7647294589178628
0.06699921545344645,0.9166933867735594
0.5663445431606593,0.5492384769539598
0.5150018023366738,0.2876352705411094
0.8895326647017616,0.20861723446894587
0.2779388689807287,0.6930861723447279
0.007143084328157245,0.9828657314629723
0.036065286995613066,0.9781763527054537
0.09953669345433669,0.7762925851703812
0.11122802739552151,0.5957114228456959
0.1292460931702082,0.937474949899844
0.9829620594179633,0.10665330661323225
0.9397091876762576,0.15408817635271532
0.06472509064693255,0.881002004008046
0.7695580034350398,0.3653889597376434
0.28686043552936,0.6676553106212779
0.36759186616060147,0.47492985971943824
0.29289561290049293,0.7656312625250692
0.6271513953589101,0.3370236124423016
0.15738109878925544,0.7936873747495596
0.031779436398721383,0.9296192384769668
0.4698983270074848,0.4651703406813965
0.5569856449184678,0.49406813627255985
0.06790303428680677,0.774729458917875
0.008309302177646805,0.9643486973948328
0.09589226267466944,0.9786973947896058
0.8947806450244857,0.2455911823647412
0.028516561676332763,0.9591583166332924
0.4952927206802251,0.5836472945891913
0.057348762748885784,0.9115831663326759
0.8941392252072684,0.22799599198398823
0.11391032844935611,0.7164128256513393
0.4043860393121437,0.48555110220443964
0.8721851741905389,0.42358717434868964
0.5700764402790457,0.3816633266533387
0.18866362497384181,0.5544174062410718
0.7841065711074835,0.3815230460921981
0.9764858675600574,0.14289722301744945
0.07743686520642257,0.908957915831742
0.566373698606899,0.3305010020040342
0.9188047327240727,0.864929859719453
0.07408398888912404,0.884789579158344
0.18443735289752494,0.5979358717434877
0.7813076482686971,0.34064128256514437
0.9220992981488916,0.2645090180360654
0.08834100209919171,0.9088977955912156
0.11726320476665442,0.8310621242485396
0.895596997519134,0.19360721442888007
0.5685312016284612,0.5213226452906099
0.29584031297046365,0.8116833667334902
0.3798663090265242,0.6588176352705801
0.12609730497657368,0.8779158316633371
0.5439531604503693,0.4440681362725769
0.3866303725535931,0.4797995991983939
0.3529558321494459,0.7267935871743703
0.3173861877398727,0.71482965931866
0.38902111914505877,0.5826052104208514
0.929417315154466,0.17553106212423586
0.47059805771718155,0.45388595372562435
0.10982856597612844,0.8393587174349122
0.1153681007612215,0.8783767535070552
0.534273552299569,0.4388777555110366
0.21008146930542093,0.5783410298859053
0.26403172112550943,0.7081763527054434
0.04950848296722965,0.9234625773285714
0.6001065499035187,0.6238877755511396
0.09396800322300392,0.8501963927855911
0.8579104141871099,0.22872353402458145
0.06353352023549586,0.9321442885771631
0.3138292232989106,0.7810220440881963
0.16449502767117274,0.7822444889780016
0.39581433811836075,0.501903807615264
0.08203074943094912,0.8370148993639859
0.9338780984287816,0.16072144288579437
0.11134464918046638,0.8294388777555497
0.9110202285786984,0.3354308617234807
0.07548345030851733,0.8428056112225022
0.8956844638578463,0.20332665330661825
0.06511552010089883,0.9073608085737064
0.49931617226098046,0.49172344689380765
0.10081953308878511,0.8565330661322932
0.7567296070906053,0.36324649298598644
0.34980704395581164,0.6178757515030426
0.8700091177031859,0.5672836582255698
0.4551456712113844,0.41185193917247176
0.8687448315345283,0.4916833667335041
0.20600477734458122,0.6038529232377883
0.5362561226437068,0.41741482965932875
0.43749394995680535,0.5526409340420315
0.9761953272001644,0.14137001275277328
0.22105659337164307,0.7419438877755695
0.6414781281143282,0.44380761523047596
0.1051827089996058,0.7317678835933208
0.2520044657385452,0.718489152217515
0.23989101164097804,0.7315831663326762
0.2047295434787253,0.729959919839736
0.8430297279531795,0.27402805611223613
0.11744320795646668,0.8135871743487044
0.48097739657767824,0.36388777555109897
0.4310341171730856,0.6757314629258602
0.9006852567015982,0.22689378757515755
0.717690464578782,0.4563326653306916
0.20362163652170118,0.7575551102204514
0.09866203006721608,0.7684769539078573
0.5310081423209827,0.4440280561122236
0.341509150431043,0.5996079114751467
0.9119823583045312,0.23085649559991595
0.4424630520981343,0.5803607214429221
0.8402891160068657,0.22701402805611792
0.8488899726468884,0.26575150300603667
0.47345529144844023,0.496492985971976
0.8304345751786413,0.2902805611222732
0.5637205529992972,0.5661322645290667
0.4977126227179234,0.32789579158317395
0.5785961687208394,0.5010734512503419
0.4775953648141471,0.5566933867735457
0.5042142872288564,0.302625250500995
0.4190609472516118,0.5540509590610014
0.7453589830580358,0.12627254509020247
0.9229781265997588,0.2228777555110284
0.8492981488942091,0.3189979959919995
0.9017779521214515,0.19446893787579
0.4017328937045419,0.5759318637274546
0.09802061024999897,0.8816833667335118
0.9730921736180289,0.13970850792495781
0.8331751871249551,0.2732064128256795
0.4890534551854284,0.5025651302605496
0.34464652997179934,0.731062124248524
0.8979877441105999,0.28488977955911565
0.5424079217997917,0.4223046092184646
0.8260029473505652,0.2758517034068362
0.7343090689340752,0.19322645290581875
0.1265637921163667,0.828839497176169
0.9239944021543176,0.3119438877755414
0.9457735204936233,0.17224448897796663
0.13189923877780307,0.8188777555110249
0.10956616695999233,0.8897394789579636
0.1824877408839125,0.5231007469484368
0.9190671317402088,0.20159956276189916
0.14458185789105316,0.8581763527054562
0.5171884608044757,0.6049098196392819
0.7587121774347432,0.3739679358717751
0.8902907063039374,0.23655310621246883
0.09073174869065737,0.8496793587174665
0.13079133182078562,0.8337555110220904
0.32644972863539556,0.7969905027446345
0.39123693305909346,0.7847695390781979
0.8799696783359132,0.2330460921843951
0.567598227348868,0.3760521042084264
0.5604259875744781,0.5239278557114275
0.6500498293081114,0.5313226452905866
0.8423883081359551,0.27773982748108494
0.3981759292635867,0.6215631262525108
0.4944472127393369,0.5260521042084321
0.18510792816098176,0.5664328657314641
0.06434606984585156,0.8743486973948364
0.4815313500561904,0.4382765531062276
0.589056635779565,0.3038076152304896
0.28831820784122564,0.7591382765531236
0.9927759027125378,0.12705236560078959
0.6954448590996762,0.14444889779558423
0.502260872330951,0.5909018036072169
0.928017853735073,0.1489178356713481
0.07084773435677749,0.9623246492986084
0.9210788575305864,0.7578356713427183
0.07422976612031573,0.9185170340681665
0.060789105404889465,0.876813627254549
0.14478594601471717,0.8189779559118691
0.10635906787387839,0.7859118236472895
0.8900574627340341,0.26066132264528363
0.8617475244375628,0.2031062124248777
0.8702900701851057,0.24300601202405403
0.0821017366044019,0.9987575150300785
0.038718432603214836,0.9378866824558401
0.015073365704715957,0.9384368737475413
0.9252189308962864,0.6708617234469045
0.6267254723182281,0.49681362725451095
0.5674524501176836,0.4337675350701602
0.8383357011089674,0.29629258517037016
0.9407296282945627,0.16174348697396823
0.563924641122961,0.572104208416853
0.5151475795678653,0.30887775551106245
0.21942388838235338,0.8008817635270944
0.049272704141135604,0.9307414829659777
0.09979909247047303,0.7574749498997875
0.9633625847022496,0.14466075007157286
0.4191386951082441,0.5734869739479151
0.9059879985581283,0.18742055539652824
0.9034398125569809,0.306833667334665
0.4064852314412335,0.4515030060120395
0.04816986769650633,0.9456913827655669
0.4761375925022815,0.47601202404809584
0.8403258772216908,0.2655484882809205
0.7122383961323937,0.45198396793588813
0.6453849579101387,0.0
0.06315069655011518,0.8405410821643571
0.3657259176014085,0.6199599198396939
0.7342507580416029,0.16747494989979117
0.07478371959882057,0.8624013243879247
0.5742456690909856,0.28589178356715905
0.1151348571913251,0.9561723446894277
0.09732087954030222,0.8740080160320716
0.4609767604588535,0.4638677354709415
0.9527416721443562,0.20470941883768035
0.3269783295519608,0.8054308617234724
0.5540409448484971,0.7182865731463153
0.5133690973473841,0.34745490981966753
0.6530819957168013,0.4123847695391092
0.34377186658467873,0.5791583166333041
0.9252480863425263,0.6008416833667596
0.258521341786649,0.7532264529058637
0.08758296049702263,0.9099398797595626
0.6170458641674279,0.4831262525050235
0.07277199380844301,0.8733466933867859
0.8390937427111365,0.25038076152304
0.042042153474273425,0.9623847695390921
0.036396137929004535,0.9279376143591662
0.8521262271792347,0.30256513026051124
0.08073143063124166,0.8376152304609619
0.21811189330167213,0.7408016032064353
0.7328804520684427,0.38965931863730674
0.4780326965077075,0.5858717434869973
0.005831089247476107,0.954048096192416
0.8438460804478276,0.280460921843698
0.46362990606645527,0.5538276553106343
0.08501221071574494,0.8592646161889377
0.5709511036661665,0.5038076152304782
0.0799315573018593,0.8994144811362332
0.8669955047602871,0.2831663326653384
0.8987166302665288,0.22559118236475229
0.6468135747757646,0.03302605210417653
0.5275386442187395,0.36326653306616663
0.5807473336019184,0.6669739478958192
0.07705784440533447,0.8659828748406042
0.49721698013189064,0.5341482965931874
0.48669186404020226,0.586533066132283
0.17914120270710443,0.5375220005228272
0.09064428235194533,0.9931062124248697
0.21306800110260493,0.6986172344689834
0.29280814656178067,0.6993077063217683
0.07732024342147081,0.8833266533066748
0.11662178494943021,0.8669809183585073
0.0072013952206294585,0.992725450901851
0.9133526642776844,0.206833667334692
0.06635779563622912,0.9257887202977955
0.5710677254511114,0.4914829659318727
0.8834683318843959,0.260189469848811
0.6366674794851646,0.49899799599199923
0.5992610419626376,0.519859719438891
0.8218628739848584,0.27359081799964
0.07780194209843483,0.8089518166768528
0.059426405200321275,0.9313043478260994
0.46838224380314,0.3618236472946137
0.2811751235130755,0.6852905811623344
0.12064523653018555,0.7603406813627487
0.70836072178283,0.45352705410821414
0.6620618731579047,0.41595190380766667
0.10116939844363348,0.8862324649298898
0.4366028074044257,0.4621002004008048
0.11056759315684062,0.8183457824740827
0.1949003552124411,0.5674720870312484
0.9136468692351676,0.1707961377299938
0.9657100146307303,0.14604408817636028
0.1284259377912671,0.6004700309710671
0.12875045058416834,0.8958717434870209
0.4136256652742696,0.6323046092184725
0.07201395220627416,0.8581763527054562
0.8265277453828377,0.3067134268537046
0.9516629206335718,0.14641282565132485
0.7189733042132231,0.41653306613229546
0.8850718814274461,0.23573146292585534
0.05705720828650995,0.9542084168336871
0.5681230253811405,0.4664529058116216
0.749499056423736,0.2089979959920072
0.8564412332223661,0.28226452905812494
0.8420675982273469,0.3156713426853628
0.10367676682004379,0.853947895791606
0.0866791416636623,0.8583967935872039
0.2984059922393534,0.8035671342685617
0.07160577595895345,0.9034669338677475
0.6326731833506487,0.13857715430862072
0.5009488772502702,0.307434869739474
0.1278174763045754,0.944689378757559
0.46301764169547077,0.4386773547094194
0.10867029961196661,0.8488868646384091
0.7060574415300764,0.4357915831663348
0.043033438646338906,0.9390672253598566
0.5064592565891306,0.2239879759518999
0.9116616483959155,0.23172344689380964
0.9610750592558475,0.14108580797960002
0.4655833209643536,0.5581362725450987
0.2204734844468983,0.7559118236473381
0.2928930776442955,0.686996601899466
0.35152721528381337,0.719739478957969
0.11143211551917842,0.7581763527054335
0.01586056275312453,0.9974549098196661
0.1192749305570322,0.8608817635270967
0.5867242000805719,0.4148897795591324
0.06271336485655499,0.7923647294589244
0.9438784164881973,0.17621242484970878
0.17336358431755272,0.5709533352419598
0.8231748690655394,0.32454909819642097
0.1925882015630067,0.544000728730218
0.5385885583427004,0.23404809619238875
0.10676724412120597,0.7928857715431263
0.8875792498038633,0.252284569138304
0.8392686753885603,0.30010020040079155
0.5031938466105441,0.31747494989979685
0.06758232437819811,0.9726452905812124
0.8407556031466656,0.31523046092186746
0.10031501710606472,0.82008016032065
0.007172239774389855,0.965651302605238
0.11752560378279076,0.8310821643286701
0.9476219757850739,0.18367935871744123
0.8758879158626784,0.22794315904536688
0.06621201840503765,0.7585771543086253
0.8389479654799519,0.31250501002005393
0.5533412141388006,0.42026052104211686
0.8275481860011429,0.25621242484969287
0.6606624117385116,0.4730731027271844
0.28957189202943434,0.7158790307888623
0.10740866393842308,0.86252505010021
0.48884936706176463,0.5423046092184691
0.277180827378553,0.7650300601202673
0.544448803036409,0.4488376753506955
0.1760114289349266,0.8278356713426973
0.9936176077691261,0.12145624582500147
0.28169992154534795,0.7052104208417092
0.636317614130316,0.46739478957918834
0.8853634358898219,0.23803607214426847
0.4332042964756282,0.7581371438529558
0.007988592269038142,0.9678356713427263
0.11469752549776469,0.8796793587174605
0.2907089544326913,0.7255110220441452
0.058385106337867754,0.8603206412825912
0.9153060791755898,0.1777555110220348
0.2992515001802345,0.8053707414829958
