Temperature,Oxygen
0.7186273840642414,0.5171157451860295
0.4063428698977456,0.6416885715517986
0.8362316888924131,0.503295947482755
0.3279959563835445,0.7630995185465137
0.9389196238993966,0.3660340354246252
0.8848178066701227,0.4091648109937551
0.13266140009165805,0.9009216589861777
0.20403660653508826,0.7846681693644879
0.2558362187758825,0.6553933118597381
0.899206587848121,0.3646374571265807
0.7501627961460173,0.5515864300939068
0.46965350708093867,0.6356552227828958
0.5878813257601607,0.4947313360163974
0.8127539942703104,0.42886374366971736
0.2927914051013789,0.7575034162541077
0.16895196176273752,0.6505052878165705
0.8883670393606917,0.4369234361841432
0.2119838014726797,0.7175461534794707
0.8849137318779723,0.38571012686673845
0.1711196629271643,0.753202312611085
0.846327817018977,0.4530167169457522
0.6895860273866441,0.5008560497206813
0.9032114652759955,0.4552192644952424
0.8761125940574339,0.4524163187989334
0.6636914345927638,0.5372428445933481
0.2641577305571622,0.7232252503172203
0.18796913421966066,0.8357574834124424
0.8883910206626571,0.41960651789503967
0.4096283082667258,0.6350548246360692
0.8700453246607092,0.43058662530842984
0.8082694908031713,0.4805762970983398
0.9126121356456192,0.448432155009411
0.7981254000726825,0.5005362724468319
0.1635561688209881,0.7645874617799471
0.8963048503105562,0.44720525444850723
0.8927795989219465,0.4151133208940794
0.7537599914405171,0.5512470746196174
0.414688362980985,0.6480416975945504
0.289227783629626,0.6196892003241463
0.1582083384831635,0.8066708036255414
0.7695636694343557,0.47051962813903514
0.8575270850358507,0.40613345295897774
0.256100013097483,0.6737054553378681
0.8103798453759408,0.4721054623746681
0.6459160765114189,0.6141192022989908
0.7915545233347279,0.48849241614287564
0.8620835324088854,0.4415145241873031
0.20319726096637358,0.7253625371985801
0.8826834707953826,0.43434237675948406
0.184515826736941,0.7655206893342523
0.9693279147888982,0.40155215405603784
0.8399727719986927,0.41013719494893985
0.24166326931555415,0.6585812954980348
0.7654868481005856,0.5302429285809918
0.721649028111621,0.5286440422117373
0.7465656008515178,0.054636231360988274
0.8954894860438012,0.40946827310057365
0.5640199303066487,0.6701324337575838
0.8662083163465744,0.43805244574284763
0.6911927746181892,0.633129634926147
0.12226036684013264,0.9012889833182347
0.49756774256625547,0.580092289934421
0.20342560466767967,0.7874318167888996
0.8562560760317959,0.4264784662494494
0.34909950211127727,0.7716617182055665
0.15113385440398475,0.8164142213778078
0.9520613773752999,0.37271999087485574
0.8770478648340037,0.3837979892904375
0.23195084202040528,0.774131834494405
0.23490054216189493,0.7680397511241825
0.2679947388712911,0.7845148067943699
0.5186712882939883,0.6338964477767131
0.9382961100483465,0.25358664119798124
0.7827533855141837,0.46244035742416933
0.8394691646574626,0.45856061070365706
0.8984152048833314,0.38776910094633865
0.24943103103331743,0.7337197590318172
0.8546972914041757,0.4111454722715955
0.7157496278286417,0.020655001464108702
0.8616039063696148,0.4385647419876946
0.7636642691513764,0.5445839604032283
0.25809046116043743,0.636301303397413
0.22348544242735136,0.8627558218190832
0.8200443100671648,0.43186899743724405
0.3740640374551045,0.587528743068179
0.203005410550669,0.7796822543191206
0.8787984998773231,0.4297969712240146
0.6382420598831551,0.3557554801936704
0.15780691234160682,0.8238132205628952
0.8822278260580831,0.5385375595007043
0.8805970975245727,0.41129230877489475
0.6230618957403669,0.6804827757234875
0.6796337870718658,0.5560241555269563
0.27554467832853013,0.5993755405285788
0.8733547443316487,0.41914643018470166
0.7262294567866154,0.511353228189884
0.4416193650858071,0.6436888110300711
0.25420549024237793,0.7486475435884481
0.09664833634329562,0.9091822611289289
0.81584758222358,0.49892107091053894
0.14612176229364482,0.8031532536131678
0.8230659541145444,0.4385941092883545
0.6280573052058604,0.7000143005985806
0.185163321889951,0.7484387094504277
0.8659685033269451,0.428472179660919
0.5263692862242177,0.611430462771912
0.740786107078359,0.37162034861681126
0.8273346258640193,0.4088319815862764
0.8656087837974951,0.42975455178973343
0.09940618606908047,0.8992789547397424
0.8130897324978008,0.46772973457634737
0.8547932166120309,0.43310568709836006
0.666084351462582,0.634725258262
0.7384599207879139,0.459686357228952
0.25890582542719265,0.6529917192724395
0.8680788578997141,0.43299474396253923
0.8600930843459251,0.4512057334050603
0.5386956754333714,0.6236342077127888
0.15674547906340408,0.8197849348868742
0.2673712250202466,0.6540750463634455
0.3898197528450127,0.7129075386853858
0.4207837843408848,0.7606556483959512
0.6489377205587985,0.6049598675265204
0.5979774538867249,0.570874220560631
0.2177059486541868,0.7897911318129265
0.8338335586960781,0.4833009299928972
0.3049259438948223,0.7612591677051617
0.5945960903098952,0.7095107209090608
0.716061384754161,0.4203439634449455
0.3325284224546139,0.7303060328096584
0.2072542716593886,0.7561271255115825
0.8842182741210376,0.4358237939261065
0.5277122391341622,0.6297687105172924
0.73006646510075,0.42180253937771917
0.7643117643043862,0.5562851981994861
0.11108508012521867,0.8951675326473605
0.3889084633704083,0.6394175003007685
0.3261733774343353,0.7171103257131566
0.11957446102023772,0.7954198644394017
0.2573230594976128,0.6199371908630547
0.4111870928943404,0.7003187558025215
0.9149143406340992,0.25190617899355794
0.8464717048307571,0.49088421962995454
0.7593236534960115,0.5897834991521782
0.7141845323320839,0.4999777785184909
0.6416234234599847,0.5180848661078052
0.9628050006548741,0.38161175690798577
0.5414295438571912,0.6105755480193666
0.3968222930183074,0.7663070803852501
0.15108589180005416,0.8579754778783351
0.8247686265539391,0.44744671892059684
0.823617524059699,0.49913316808196884
0.8475029008151764,0.4640066134593621
0.7315772871244399,0.6138777378269011
0.48608069892582195,0.29088730836468457
0.7883170475696784,0.4508598518639604
0.9549870962148246,0.3707132253297647
0.9089429964452296,0.42155128580540957
0.5303501823501324,0.6148566478488968
0.907168380099945,0.4576339092161703
0.824624738742159,0.4405519293323459
0.48178804587438795,0.6708861944745204
0.5046662079474054,0.5893690939095306
0.18127939363719237,0.8226487432497727
0.7868062255459884,0.5374933888105782
0.9282479445257126,0.4645678552053012
0.6712403313846962,0.6702140095927527
0.8847218814622677,0.4506249134586815
0.2202239853603365,0.6891232881843001
0.9519654521674448,0.3829202333040507
0.9134514812143397,0.261545179676806
0.8696856051312594,0.4197500913649377
0.6910488868064091,0.4990711704472477
0.7621534471276865,0.4807329227018593
0.8546013661963261,0.4472933563504866
0.7828493107220389,0.5032772205084197
0.8900697118000922,0.4099414129445409
0.8819160691325578,0.4284264971932208
0.8132576016115403,0.4370702726874427
0.4414514959720619,0.6223355204169438
0.6638061277760674,0.5285657294099775
0.47368236581077827,0.7514765935520158
0.19588296386755966,0.8305007365943256
0.9297587665494025,0.3007929454920224
0.6830349612894449,0.5187269743338336
0.6090328340918183,0.6249459471422629
0.6936628487204142,0.46696292172578935
0.12245221725583733,0.8849216077504669
0.390419285394098,0.645193069430543
0.4999658727625904,0.6288159047625552
0.13118141117049176,0.8831073611763733
0.7000968909706893,0.49226966522579163
0.5931572121920954,0.5562590939322354
0.43862170234039266,0.6189876481417187
0.8671435871231443,0.4483766834414926
0.5167048215329932,0.7011475662878162
0.2815921370844997,0.7679157558547325
0.468310554170994,0.6674404311970956
0.7407141631724687,0.022495352305460736
0.1981284857786686,0.7258350837637442
0.3667497403562907,0.6720641495343247
0.9317012520084325,0.03691757607658208
0.3507542119467473,0.7202036813826629
0.8270468502404591,0.5029802844684117
0.6052917509855389,0.661090568187753
0.9166889569793892,0.2924885254720897
0.3845678477150434,0.6507206480214094
0.29557323612912334,0.6024505948368022
0.7607385503118462,0.4457760458163935
0.5758427121745666,0.638040500203156
0.9805699320831851,0.3830176986931981
0.14567028821755545,0.8065844041757713
0.19657842162449446,0.7581886532695048
0.695389502461774,0.5954122317786534
0.8223225337536793,0.45396625966708815
0.771530136195345,0.0014096304316735253
0.7880292719461184,0.4464156003641
0.7067566395923925,0.5695396398973076
0.771386248383565,0.4940624141680312
0.9526369286224201,0.3595634401792338
0.09062902955050145,0.8967566299163947
0.22091944311727696,0.8078357065517163
0.8696136612253691,0.4427479508150176
0.9644117478864136,0.35930892357351496
0.45543259501668554,0.2651201590771344
0.9371689888560717,0.35795150167635015
0.6859552582693977,0.5363448010514338
0.5766820577432872,0.5516484277286358
0.561861613129949,0.6183644087610429
0.25698732127012236,0.6060431946175264
0.7199463556722205,0.5496775555510152
0.91093344450819,0.44571731121507363
0.19928830874634884,0.7606750847253736
0.2972039646626279,0.7546711032571307
0.894626159173121,0.42142402750255004
0.8169747034158605,0.4183763543007344
0.9009332415894811,0.36367812530502497
0.837742510916103,0.44240533230731915
0.7847573882260754,0.46551172308593114
0.21353320211256732,0.7696680047941047
0.2553565927366178,0.7786805030632757
0.8306763681593443,0.5069221706946705
0.15657760994965886,0.7636542342256418
0.2090486986454282,0.8254267196469784
0.18605063006259026,0.7800607661942895
0.6773315820833861,0.5583963808135874
0.32917104017974963,0.7382156257873833
0.41675075494983504,0.7047695333692001
0.8703570815862345,0.4644471229692604
0.21203384940721237,0.5838559861624681
0.33173703948982414,0.7537770321037054
0.20422845695079872,0.6824340697006603
0.8057514540970216,0.5048891590113034
0.8495173301800962,0.400817971539541
0.6261554836936365,0.5698561541377554
0.5568015584156842,0.6263066320728372
0.7711464353639355,0.4614908147028334
0.23936106432707427,0.7558555843837456
0.17473145553590208,0.8092453369833901
0.8367113149316778,0.4636117864171547
0.22485237663926128,0.7790883822391124
0.20559539116270864,0.7860255912616527
0.25451724716790325,0.6103079792800183
0.25129645404769385,0.7741016159676404
0.8746976972415934,0.45289924774311285
0.620040251692987,0.5026441920275317
0.6583863535323529,0.5343044120751514
0.8468074430582417,0.45166255808199685
0.12765615978188205,0.8985284570562067
0.7124162268557368,0.47199778227224853
0.37830872790261405,0.6056451045419176
0.8354163246256578,0.4268732932916568
0.7656307359123657,0.5596526486751512
0.6363152144036646,0.5551288075343739
0.8946501404750866,0.46906757827308
0.6540937004809186,0.6078248108575586
0.40073124523832626,0.6550898497529194
0.889901842686347,0.43404217768607456
0.6796337870718658,0.5954122317786534
0.603283577612437,0.5584928531056124
0.8443853315599474,0.4098859413766225
0.24674730533178413,0.7535943022329357
0.4740598106503753,0.5901618691563297
0.49186019269898673,0.2665076776588977
0.889973786592237,0.41869286854118215
0.5170165784585186,0.6421682374625763
0.2460278662728841,0.790411108160193
0.7649112968534657,0.4704152110700248
0.26029674094106203,0.6023820711352625
0.8966166072360815,0.3945268431315103
0.5103497765127147,0.6343826397543015
0.8864245539016622,0.38365115278713824
0.959735394003564,0.36633749753144396
0.96700694182497,0.23984487255442377
0.25053635104198846,0.7606620325917444
0.7583883827194418,0.021958909613407185
0.13645729760242642,0.914396588512757
0.7061331257413423,0.5714517774736085
0.780762937451229,0.5170635366515282
0.7965426341431028,0.5479376493901771
0.9350346529813371,0.3774905457153841
0.9238833475683883,0.4135829582263646
0.25442444995595703,0.7596988702527097
0.8180538620042102,0.47692496271629614
0.25475706018753264,0.6339453932778127
0.2802012215706303,0.7542273307138236
0.6420311055933594,0.5571466390188422
0.6585782039480574,0.5571074826179623
0.8401886037163626,0.4828473683493699
0.3494592216407273,0.7272909899419118
0.21264589393992783,0.7336902645999874
0.7845040205575089,0.039195557280707005
0.7308818293674995,0.4996454643268158
0.2501453515534541,0.7479157341871558
0.2543014154502332,0.7584464329086249
0.8533063758903063,0.47238282021423617
0.7692279312068653,0.4337419786126573
0.8510521335057513,0.47086550968014285
0.1880890407294753,0.7873340676577174
0.1105574914820292,0.9417767018279763
0.8641171468153739,0.5083949621034132
0.7515776929618578,0.5049120002451526
0.899326494357936,0.43643398117314525
0.8247446452519795,0.45086311489736164
0.4334897037202381,0.6926506272968938
0.9054177450566199,0.3735488013601427
0.8456083779600772,0.4530134539123509
0.2853332201907792,0.7753326307880504
0.2504164445321736,0.6133262851811743
0.1011328398104403,0.9050023153350073
0.8988708496206308,0.4449178680304464
0.8478473595161073,0.48650404224062616
0.901508792836601,0.43047894520601004
0.6663689990902331,0.7350882210736334
0.17082250331587723,0.7705066043796116
0.27729948403306537,0.7214077407097177
0.15672149776143884,0.8195924159158843
0.9512668664146011,0.4345985958174121
0.8485340967996018,0.40978478734102164
0.8753691736965685,0.4599147695674204
0.23499989327002924,0.7976792819996945
0.8874077872821626,0.4364861897076544
0.6466250889172906,0.5109637922463479
0.6798256374875704,0.5378099030510184
0.9111732575278193,0.41934873825591934
0.7724174443679901,0.5205190890291729
0.8804532097127928,0.24969057931043848
0.5787444497121319,0.5613331108795745
0.31780390304913086,0.7122418798704286
0.8653929520798249,0.38754721467468123
0.7243349339315102,0.10445691236815713
0.9095185476923497,0.4213946602018903
0.47430587966182847,0.690464394914434
0.4747135617952034,0.663730362213732
0.8999500082089806,0.39326404920313585
1.0,0.41300866434678873
0.8854413205211675,0.40800643413439075
0.21067942717893284,0.6876712383183372
0.9042186799584553,0.38708386393094174
0.22796994589449615,0.6866042263943619
0.6773315820833861,0.4977463788841443
0.19171021732594018,0.7432700645342905
0.48562505418851676,0.596962172646816
0.9211254978426036,0.3710166874365832
0.2797215955313598,0.7718216068424952
0.8953935608359516,0.4150970057270489
0.12249581962304479,0.8926271128205807
0.2429102970176492,0.8127563609289454
0.47574475777962855,0.7699029431993838
0.12336350673044782,0.9095738251377272
0.2390253260995896,0.7405095382722624
0.5090547862066948,0.5901293806932859
0.24526046461005369,0.6825189085692382
0.8991106626402661,0.3883988663938174
0.8901656370079416,0.41761933055038836
0.24732285657890396,0.7852163589768053
0.4936587903462366,0.7237669138627272
0.49121269754597674,0.15294490183660536
0.585363289054011,0.6162728043473813
0.7794439658432442,0.5266125708422795
0.8825635642855678,0.42085952272319416
0.6065147973856686,0.606774114100614
0.2212312000427964,0.7666040164252581
0.8842902180269276,0.427026655861767
0.5631566034359687,0.6045324101502438
0.4221225665896191,0.6365427678695026
0.9326125414830368,0.372876616478375
0.25291049993635817,0.8030194692434975
0.8800215462774528,0.390810248081336
0.20557766585256143,0.8266324814262431
0.922756226376108,0.4299829641281938
0.15165101639414613,0.9135426668573412
0.8147204610313052,0.46099157059161566
0.6545013826142934,0.6355540687472869
0.2418551197312646,0.7669368458327368
0.8710525393431692,0.3461034273767931
0.2146363420028824,0.7833629560018243
0.8118427047957055,0.08000804358597868
0.8828273586071627,0.4358596872935774
0.4517874371182611,0.6248447931066543
0.2881869951244195,0.7537966103041454
0.9590159549446642,0.44000373972002804
0.5832289531792765,0.591284494519241
0.7630887179042565,0.4705065760054137
0.4835866435216376,0.731979968947271
0.13209270064509637,0.9221919753212517
0.7319849692578146,0.529032343187126
0.73035424072431,0.4887730370158532
0.7499709457303125,0.552898169523381
0.9564979182385143,0.3788936500802391
0.686252626413745,0.5005003790793614
0.8005714928729424,0.4354289668838991
0.8802373779951227,0.4390639860989125
0.2649730948239116,0.7246414068157125
0.6928235031516938,0.5017468578406972
0.8018185205750314,0.5164076669367912
0.7306659976498295,0.49281267237328596
0.7314333993126598,0.488906821385523
0.7974059610137827,0.43954365200969026
0.9175522838500692,0.3013672393715905
0.8435939485951574,0.5155397000506166
0.7043585093960576,0.48039030419416084
0.9364975124010966,0.42839386685915937
0.9044105303741601,0.3950195611759175
0.8637622235463147,0.44863120004721146
0.1579320321779384,0.8028015553603365
0.6609523528424273,0.49054160112225587
0.6864204955274844,0.5582071248760068
0.22039185447408172,0.7835358967723742
0.9091828094648648,0.30870580150314875
0.7126080772714416,0.5515896931273159
0.34571813853444766,0.7302636133753693
0.42569578058215374,0.6419365620906989
0.23099158994187574,0.6882520582647238
0.21283774435563252,0.8156996170617512
0.3868940340054885,0.6417766734537782
0.4579746130248006,0.6982989381238087
0.8657047090053445,0.4532647074846605
0.15087006008238424,0.8090691331794309
0.6908810176926639,0.5196968046106967
0.7624172414492814,0.5148544630352194
0.15907166535384332,0.766528966656908
0.9034272969936654,0.4469148444753177
0.9584643849995094,0.40085060187360244
0.29437417103095864,0.7455346097185018
0.12072556351447761,0.8117513466396991
0.6573551575479277,0.5354180995639473
0.4214031275307193,0.740574798940393
0.7433760876903985,0.5954122317786534
0.6854372621469897,0.5283373170715093
0.916521087865644,0.4224159896581672
0.7081235738043024,0.5603705160246173
0.6813604408132254,0.5990015685259684
0.7155098148090064,0.5234264517945002
0.8736185386532436,0.4293466726138966
0.8363036327983029,0.48305620248739833
0.7752472379996651,0.5264153903949884
0.4217148844562446,0.6272137553598838
0.89068384166341,0.41994388717508446
0.9041707173545306,0.37126467797549156
0.15868796452243383,0.7219591933554446
0.2738221952483805,0.5943550089548979
0.20940633284427024,0.7787901693599473
0.8170633299665908,0.5255333782780702
0.14844794858408972,0.9561819066405481
0.253989658524708,0.7547233117916399
0.1360110368528481,0.9579426205506392
0.8858935393581877,0.485229848883854
0.2739900643621257,0.7513036527814658
0.8983672422794009,0.41612486125014425
0.272335354526656,0.7471171809207333
0.4358638526146077,0.7050762585094204
0.8418433135518324,0.41205259555864204
0.5877374379483808,0.6474869819154145
0.5915504649605503,0.5473085932977855
0.8902135996118721,0.43278917285792007
0.6146924213551623,0.6160378659421024
0.3143026329624865,0.7633475090854218
0.4915484357734614,0.6324443979107499
0.2690978787616062,0.721717728883347
0.8814604243952526,0.4403887776620079
0.7200662621820413,0.3969904333535381
0.9028757270485108,0.44214428963478936
0.21163867925746793,0.6174116030063055
0.39473591974749755,0.763040783945194
0.8942664396436713,0.46361831248396546
0.2143245850773572,0.5417483843728501
0.17739338005383187,0.822075584338344
0.49763968647214574,0.05920447813029894
0.5264412301301076,0.5839981409221837
0.35698935045721125,0.7240638499027352
0.3783327092045794,0.6974994949391737
0.21422865986950768,0.6941124662630687
0.48250748493328777,0.7003122297357105
0.12820772972703687,0.9030412322576071
0.10712816530126912,0.9039059361103725
0.9065208849469353,0.39059815090990635
0.7423928543098981,0.4906851745921461
0.7670935953321307,0.06108398537253046
0.8145286106156007,0.4220505299166275
0.7760865835683797,0.5192040865662895
0.20077514946807917,0.7758579791665268
0.7606666064059562,0.5193378709359597
0.7751513127918097,0.5115065907599943
0.8946741217770517,0.44953179726744774
0.5195585964666336,0.5913203878867115
0.19213979543067217,0.8117734785184607
0.8773836030614883,0.24295567835910803
0.23535618689920013,0.7820479535389409
0.6450767309427043,0.5108441949784464
0.7414815648352935,0.53965025389237
0.845584396658112,0.4236069968516005
0.5230119039493533,0.672977798888182
0.25163949093230353,0.8006309287898281
0.9444113420489957,0.3764398489584393
0.418333520879415,0.6455356879382415
0.6147164026571277,0.580523010344099
0.4997093770981149,0.6265578856451466
0.8222266085458299,0.4479015574032812
0.9269049916157681,0.36935254039919063
0.8694457921116239,0.45120247037165884
0.8410759118890077,0.40557547424644014
0.6577868209832678,0.495266473495086
0.7841443010280587,0.4590239614474043
0.9104058558649948,0.3522052998472356
0.21355718341453256,0.8455270054319592
0.8783188738380583,0.4184024585679851
0.661814637047806,0.5441241564349253
0.8000918668336718,0.46515193818509726
0.6597772690462278,0.6101252494092486
0.2935827880661689,0.5888731128317222
0.13777626921040576,0.8645113337918569
0.227730132874861,0.7624958573662857
0.4240890333506142,0.6407814482647438
0.8867602921291526,0.4070307871458043
0.9153460040694388,0.47080024901201223
0.22624329215313632,0.762743847905186
0.2147864858064804,0.7545642743808159
0.6601609698776374,0.5144204795921399
0.6108554130410335,0.6082914246347073
0.7495392822949727,0.5219189303606269
0.8693258856018093,0.43069104237744016
0.20166245764071855,0.7675992416142847
0.7298026707791496,0.44196808583083036
0.6903294477475093,0.48877630004925443
0.7194187670290313,0.4428523678840357
0.8219628142242292,0.49123989027128223
0.253629938995258,0.7862735818005606
0.7754390884153699,0.47712400775410435
0.8410759118890077,0.4360750474984163
0.20497709063817515,0.8125600114404763
0.16247701023263816,0.6708959835747403
0.8956813364595118,0.3882846602245871
0.12897513138986716,0.9591719329188397
0.6800894318091653,0.5759188702073099
0.8977437284283563,0.4247001130428265
0.8832830033444676,0.37920690128727785
0.7598032795352763,0.5023994645220329
0.8400926785085074,0.43260644298714235
0.8105237331877206,0.40104964691141065
0.8572632907142559,0.45942531455642266
0.8854653018231327,0.4074223511546027
0.18559498532529095,0.757151008646189
0.8166355392880909,0.5047371948840853
0.7421290599883035,0.54647325674568
0.610663562625323,0.5162706195337117
0.18876051718445053,0.7566310513663839
0.09492168260193568,0.8915912480336667
0.5473289441401705,0.5633268242910441
0.6951976520460634,0.5194879704726683
0.8451402212391417,0.47298889320176873
0.8485340967996018,0.45446550377830586
0.7880292719461184,0.49018919351433765
0.8810047796579532,0.43350051414056767
0.27576468070741034,0.7561688355907843
0.8134734333292102,0.4816367829555046
0.25813842376436225,0.5520465178042446
0.646059964323199,0.676374616664507
0.1453449766430931,1.0000000000000002
0.887655941624218,0.4218778728881045
0.7937159685073367,0.5656976308675006
0.26092025479211234,0.6490010294161062
0.7502347400519074,0.5409685193886629
0.38248147444423375,0.7452148324446526
0.21055743533851012,0.7499267945548784
0.8580306923770806,0.44393243194163223
0.8217905848737668,0.49962499620817113
0.6583623722303875,0.5632289332888447
0.7546035076704476,0.5498205615368352
0.8183416376277703,0.4360587323313856
0.7546712809151275,0.5358031375059269
0.8592057761732856,0.4534115439879598
0.2617356190588618,0.6495883754293037
0.2440134369079643,0.7798747732901103
0.5220766331727833,0.5695787962981873
0.4479024662002016,0.6691045782344884
0.48809512829074175,0.5793189510170444
0.7616258584844913,0.5069742373581543
0.09492168260193568,0.8989820186997346
0.8816522748109632,0.27015306180355747
0.886856217337002,0.40583977995237897
0.6403763957578894,0.537911057086627
0.11358598732996716,0.8882349851011135
0.8335697643744833,0.477159901121575
0.7364454914229941,0.39818144054696347
0.6883150183825895,0.4812360824531652
0.7652470350809562,0.5333950188518177
0.8707407824176439,0.4698082868563873
0.766398137575196,0.008911996840248682
0.9621575055018641,0.24368659784219582
0.7308098854616096,0.5033555333101796
0.7264932511082098,0.37256662830474574
0.26147182473726704,0.7999587439080602
0.4891263242751669,0.6213859776956081
0.22633921736098583,0.7793037424439515
0.19961968673711628,0.5657349429451535
0.7901875891228181,0.4953056298959657
0.9226603011682586,0.22352757745590313
0.8262554672756695,0.4438214888058114
0.7972693718591217,0.5255980714621307
0.23593173814632007,0.7508141977704679
0.6553407281830079,0.6640599285878013
0.5430842536926608,0.07940918098428962
0.8396599724078662,0.4500160030507918
0.20365290570367878,0.7998869571731113
0.8466962570218675,0.5028144630434757
0.3793878864909641,0.6224823569202433
0.4081654488469608,0.6478034961558623
0.6721276395573412,0.563529132362254
0.9062331093233751,0.5121461453077005
0.3402983642907331,0.7581951793363153
0.9615819542547444,0.3688532962879729
0.7936888592094624,0.5281186938332609
0.4086450748862256,0.7276760278838992
0.4642337328372299,0.6220816564179037
0.2183398891582654,0.6857545608694777
0.2673472437182812,0.5901718001275673
0.16413797605992608,0.7999244111217818
0.7579567192841017,0.5374444433094785
0.46032478061720505,0.6413687942779414
0.23521229908742003,0.7767292090861027
0.6865883646412296,0.4957818610347384
0.21571550059123223,0.7845670153288791
0.7704749589089603,0.5048695808108634
0.6433980398052692,0.5490184228028687
0.12880726227612194,0.8016424691458928
0.5772096463864766,0.5869316079547615
0.7609543820295162,0.4054743202108313
0.8817002374148879,0.4570922456706634
0.23590775684435483,0.7838360958457913
0.8819880130384479,0.4657197059978546
0.8614308239293584,0.4820663683970352
0.8849377131799376,0.4486442521808409
0.6416953673658747,0.5137124013428938
0.19252558159268962,0.710300374993476
0.2148042111166275,0.7879801482722346
0.8694697734135892,0.39214156571125014
0.766398137575196,0.519987214583886
0.9218449369015034,0.41601391811431543
0.3041345609300323,0.7496917142785822
0.6548579741478342,0.531188924526891
0.6914325876378244,0.48844347064177596
0.6827273750251355,0.5379567395543174
0.812261672247653,0.51232234911166
0.8969763267655313,0.4153613114329877
0.43368155413594267,0.6757481142504296
0.7415535087411835,0.5610622791068249
0.6630147448112775,0.5544383212913233
0.9319170837261024,0.25622969825736974
0.7533523093071421,0.5230103440996432
0.11907085367900772,0.9034980569345439
0.7296348016654102,0.04300242958846723
0.9148903593321394,0.2695885570242016
0.6663721270861418,0.5939275515786291
0.7496112262008627,0.4115598775142353
0.696397759809535,0.5023902429058829
0.9676143417577017,0.3850747252706459
0.6815522912289302,0.5107038845419578
0.8664960919701343,0.42550281926086275
0.15784861895371338,0.8254234566135696
0.1989765518208294,0.7524489775072005
0.4054315804231412,0.7261456652161766
0.6117427212136728,0.6142790909359195
0.7652230537789908,0.4331905259669384
0.22585959132172106,0.7808047378110061
0.33538219738825426,0.7313338883327538
0.35991506929674144,0.5654314808383349
0.23749052277393456,0.611296678402234
0.23346166404409507,0.7458315457585099
0.836735296233643,0.41346548902372526
0.8987749244127812,0.3974537840972774
0.9313175511770171,0.4726144955861058
0.6657725945370567,0.50531661638758
0.2662680851299313,0.7221712905268742
0.4262953131312388,0.7194140272982557
0.7096583771299521,0.45838440689969784
0.5483361588226303,0.633929078110774
0.8605727103851957,0.4446339841240676
0.6657725945370567,0.5943550089548979
0.3436077839616727,0.7251373878935212
0.898391223581366,0.38161501994138725
0.5148488772940918,0.7259426477898794
0.10933444508189938,0.8849118186502472
0.4190769412402744,0.7213751103756485
0.9781770152133671,0.21815662446854822
0.18823292854125528,0.7695537986248744
0.5421500255813922,0.6806029404754586
0.9157536862028193,0.3862289491783961
0.22010407885052174,0.7178699598902252
0.8887507401921073,0.4407313961697066
0.18343666814859105,0.6531026624082681
0.22535598398049117,0.7167579181052381
0.6989387351523431,0.5410631473574532
0.3753350464591594,0.7312164191301145
0.09108467428780087,0.9010801491802141
0.5404702917786559,0.7163108825285291
0.2560040878896277,0.5464928349461198
0.9131157429868493,0.4156778256734355
0.790913284173536,0.5150496775555486
0.8945302339652719,0.36825289814114615
0.46842941801550775,0.6354937026292666
0.46243513518998003,0.6504073968143707
0.3441593539068333,0.7416254956973376
0.72764435360245,0.5954122317786534
0.2640336533861315,0.6496455494494235
0.22632253471614538,0.5691263696228075
0.6804074447265083,0.5023936478103017
0.8759926875476132,0.42948698305038535
0.6327503417335503,0.49618338588236033
0.261375899529412,0.7420235857729467
0.25974517099590744,0.7581886532695048
0.6824875620055002,0.5326804145357609
0.2450359124189434,0.7574485379649925
0.43106759222194335,0.6451408608960341
0.7592756908920868,0.5245848286538566
0.1926215068005448,0.7646559854814867
0.818245712419915,0.4568768854658245
0.676328538062136,0.6117285337800595
0.3666058525445106,0.6166643683561797
0.529079173346072,0.6100240953736398
0.7966145780489926,0.5253385893707934
0.25710201445342584,0.6594448643826527
0.8938347762083314,0.38155954837347683
0.4688298014917631,0.6609264842221563
0.10755982873660908,0.8748127302566611
0.8690381099782494,0.443129725723596
0.6831830197624349,0.5258606747158601
0.8210275434476595,0.520763816534672
0.8777673038929037,0.47762651489872376
0.8564479264475007,0.43346135773968775
0.44339398143109143,0.7305540233485666
0.936761306722697,0.3571977409594136
0.8492055732545767,0.4694167228475892
0.8080776403874608,0.43250855198494276
0.15969517920489373,0.7682518482956202
0.2684503836085963,0.7276564496834592
0.8598772526282552,0.3937045587130339
0.6170425889475726,0.5830518612342572
0.7399644868197857,0.5244540235755606
0.8242410379107497,0.48205445123155344
0.826375373785484,0.407376668686912
0.18736960167057548,0.7880584610739942
0.8509082456939714,0.45146025001077916
0.20122349554825947,0.7663588633067069
0.8509322269959367,0.4061758723932589
0.2495531176614938,0.7553922336399985
0.4639939198175944,0.7256725253722094
0.8097803128268612,0.4850140225313897
0.4377104128657823,0.7248502409537332
0.4578786878169452,0.6994605780165744
0.1954513004322197,0.7890895796304991
0.8010990815161316,0.47406328241865947
0.3923857521550873,0.720614823591901
0.703519163827343,0.5565462408720154
0.3158332656269258,0.78814344181359
0.5097022813597047,0.6219439564081457
0.4353122826694529,0.13500415088803064
0.6177620280064726,0.5305072342869306
0.9707428116047327,0.37985298190179506
0.15840018889887397,0.8162771739747281
0.5939725764588448,0.6455389509716429
0.7915065607308032,0.4771468489879458
0.8317369077244308,0.5138401257933867
0.9447710615784455,0.17340738432972436
0.26831275178863434,0.5987728724454728
0.8502847318429267,0.40547105717742205
0.2593614701644922,0.5427827659627562
0.7221286541508856,0.49223185242689915
0.9157536862028193,0.3779930528600033
0.6728752305794166,0.5125028090461505
0.7551988695583167,0.010337289832274443
0.2166507713678021,0.6967816275897156
0.4106834855531105,0.6511644205647167
0.11194840699589859,0.9177640389884221
0.5248344828985625,0.609120235120002
0.32837965721495965,0.7319440755798003
0.9089429964452296,0.422690084464326
0.538072161582321,0.6369180167112702
0.5169446345526287,0.705892016861086
0.2380181114171297,0.7405780619738023
0.6956532967833688,0.5048500026104237
0.35749295779844115,0.7693971730213551
0.8944582900593816,0.3691926517622621
0.8701652311705239,0.41839593250117413
0.41245810189839505,0.6308748788421477
0.25677148955245244,0.6645787508994592
0.16278876715816348,0.8215339207928454
0.9285117388473074,0.3618671417643329
0.21732224782277731,0.49795630069997565
0.3857429315112486,0.7293695422219517
0.8578868045653005,0.19781473234046043
0.7463257878318881,0.48089933740559854
0.3006332908433881,0.7764910076474147
0.842682659120547,0.37266125627353586
0.29492574097611335,0.687344934977677
0.8767600892104439,0.252937297550055
0.8053197906616818,0.4516984514494673
0.5437557301476306,0.6271419686249426
0.7042552855310833,0.5344065592078824
0.8632346349031252,0.4317058457669063
0.2326223184753804,0.6673131728942361
0.19048717092581036,0.8119340765104688
0.4325200249886747,0.744455113144975
0.8821558821521931,0.4514374087769377
0.7453446397819958,0.5482781398326135
0.6843581035586399,0.6843331551433318
0.39475990104945713,0.6400309505812165
0.7435199755021786,0.42436728363534804
0.19909645833064415,0.7342804074989608
0.8429224721401822,0.4745918938305371
0.8137851902547355,0.40090607344152085
0.8916764590316315,0.4047564528613652
0.7872139076793634,0.5317178196808037
0.9572413385993794,0.35343546344154086
0.9099741924296547,0.4319538363058144
0.6205918216381416,0.5442446049289391
0.8053350514902007,0.5307756929444831
0.3160532680058058,0.7207714491954205
0.21832946250523722,0.8137091666836904
0.6137331692766332,0.5183818021478133
0.16629003724480773,0.8404954079189013
0.6694526343292482,0.6076859836180777
0.41447253126331485,0.7031053863318075
0.14694651054812702,0.8590366163421785
0.7627769609787312,0.059987606147895445
0.7895400939698081,0.42295765320367407
0.8832076335382986,0.45232355542065283
0.9322048593496624,0.3681517441055453
0.6252441942190319,0.512609496051448
0.24972098677523324,0.7360489716053638
0.23749052277393456,0.7951294544662124
0.9597833566074945,0.35759583103502246
0.6900176908219839,0.5224671199729443
0.8306440455349589,0.4329653766618793
0.6179778597241428,0.7244162575106536
0.9022282318955008,0.2975429642189966
0.20115885029948866,0.788097617474874
0.20089505597789392,0.7885511791184014
0.23564396252276,0.7906525726322828
0.7415055461372588,0.5285167839088778
0.5782888049748265,0.6386311092497627
0.3731767292824595,0.7584594850422541
0.8881032450390973,0.40911912852606447
0.17139805456299728,0.7740208913585762
0.1291909631075372,0.8918000821716949
0.2460758288768089,0.5879203070769772
0.8633785227149051,0.3845191196733131
0.779947573184474,0.5478861502107628
0.6348606963063255,0.5260629827870702
0.16389190704847278,0.8497852640276402
0.3343259774365628,0.7694981851859386
0.9114610331513793,0.3786619747083695
0.6837345897075953,0.5016000213373981
0.39615081656333206,0.7508109347370586
0.2326702810793051,0.6681909288806229
0.12142206393671917,0.868557069603056
0.3726731219412296,0.6377664053969974
0.4281658546843785,0.6103830290483767
0.42248228611906935,0.7166437119360078
0.4662481622021497,0.645662946241101
0.8719420276341701,0.4852154406843949
0.8939067201142212,0.39743094286343594
0.3493153338289474,0.5734552799852903
0.6278341748310714,0.5485746502595692
0.33154518907411934,0.750128960755071
0.8940745892279665,0.3690653934594026
0.6882190931747343,0.5554922810816696
0.8763044444731385,0.2266894568269493
0.3961747978652974,0.4957498685869064
0.8958252242712914,0.45211611972551613
0.23835384964461448,0.6995649950855847
0.866112391138725,0.41053528502454895
0.21127895972801802,0.8138606849305734
0.287347649555699,0.5666975378001109
0.972805203573583,0.34880848207091053
0.5385997502255162,0.6078639672584385
0.25648371392889247,0.5960387341927305
0.8600691030439656,0.4304365257717213
0.8563759825416108,0.41094642723378705
0.8124182560428257,0.41398431133538294
0.22974456223978068,0.793334786092551
0.22967261833389074,0.7763343820438953
0.6976437448463231,0.4889916602540936
0.8624432519383354,0.42974802572291493
0.562221332659399,0.6349601966672789
0.7582205136056965,0.5368538342628717
0.6059152648365833,0.5143617449908202
0.5275923326243475,0.7031347536324675
0.6255048605447175,0.5751360259317484
0.362635234119439,0.7041308300475984
0.11791870851946684,0.8970186656860546
0.48049305556836797,0.6677961018384233
0.10564132457954456,0.890488342742221
0.6829911693467301,0.4998706136318747
0.8866883482232626,0.40907344605836626
0.17554681980265152,0.7590696722893007
0.19310113283980956,0.7912399186454802
0.20691436277068798,0.7486671217888881
0.7781760848350985,0.002271071251029877
0.14169830214059398,0.9683413534309391
0.4932990708167866,0.35066514807929305
0.2608003482822919,0.8087526189389831
0.33965086913772313,0.7547363639252613
0.2595293392782374,0.7355073080598646
0.8453904609117993,0.5102521672216651
0.7696116320382804,0.4768955954156362
0.24785044522209343,0.7279794899907179
0.5903274185604204,0.5627949498457572
0.5213571941138835,0.6134894368515045
0.15581020828683423,0.8183198328872903
0.2184733503170172,0.6955183675137078
0.7818900586435038,0.4704869978049737
0.8683426522213147,0.4251993571540442
0.6632785391328724,0.5301776679128611
0.8538339645334958,0.46931230577857885
0.9101660428453593,0.44022236295826866
0.32691679779519456,0.7619802980880295
0.8358479880609979,0.4861201908562449
0.2429384489808245,0.7557366091656901
0.8273106445620539,0.4273007506679256
0.34308019531848344,0.7409402586819407
0.8367113149316778,0.48140837061703623
0.5510700272464502,0.6453007495329626
0.5542595404075692,0.6104646048835376
0.6133494684452179,0.5356106185349372
0.19084689045526027,0.7802141287644075
0.6621034553366671,0.5363904835191244
0.8780550795164634,0.4015488910226286
0.841819332249867,0.45221074769431424
0.7939766348330226,0.5076529483067405
0.6441977640924852,0.5335689527194976
0.8934031127729913,0.4432406688594246
0.8386777816926727,0.44578257188320425
0.8065428370618115,0.38929620058065195
0.21832946250523722,0.7855328732172455
0.22207054561151673,0.6968338361242166
0.8655608211935644,0.42977739302357465
0.34979495986821196,0.7314644096690224
0.6881898985462578,0.5218220324555494
0.8528267498510358,0.45457970994754393
0.8942664396436713,0.40619871362710813
0.854649328800251,0.42837102562531015
0.6377487302427682,0.5750117469202634
0.8716041092883238,0.43103692391854787
0.934075400902802,0.4228695513016947
0.20530761553914867,0.8482320601260691
0.8900936931020518,0.46639515391303177
0.17209351231993186,0.8230283900930895
0.7383639955800587,0.5122538254101203
0.4728909828459882,0.5842004489933936
0.3476366426915123,0.6006624525299595
0.7545993370092372,0.5010909881259602
0.4081654488469608,0.6235395797439984
0.9018445310640857,0.37437108577861933
0.45562444543239033,0.6156789322673732
0.7131683676900424,0.3912614366096585
0.2511463102441016,0.6339829890974926
0.8757288932260185,0.22398766516624113
0.3052856634242722,0.5546797857634129
0.7685564547518957,0.5298578906390119
0.7022481548232828,0.4888121934167329
0.32857150763066456,0.7590468310554515
0.830500157723179,0.4985034026344901
0.672535321690716,0.504148450427996
0.25351003248544335,0.6077693392896482
0.7695636694343557,0.6021112393625132
0.24717896876712397,0.7573108972831097
0.48919826818105694,0.6145988682097687
0.1827412103916507,0.7910082432736105
0.25859406850166755,0.8091376568809705
0.2641577305571622,0.7788044983327338
0.8433781168774874,0.1894318576477585
0.8058713606068364,0.44860183274655174
0.9987873802528981,0.42048526697855637
0.3399386447612831,0.7397192315811687
0.7001378002505134,0.4956221441364137
0.18343666814859105,0.7769706735581925
0.25521270492483783,0.7350015378818282
0.29491322899248307,0.5792151014321039
0.41085135466685574,0.7323030092545295
0.7331840343559792,0.5372747655723298
0.2226940594625615,0.7983076490042891
0.9103818745630294,0.27521076358386587
0.9426367257037112,0.35623188307103937
0.9081516134804397,0.4340976492539852
0.8159122274723509,0.4811538540113174
0.2696494487067609,0.5893364635754696
0.251015977081253,0.5765257944209474
0.6561800737517283,0.5087950099990661
0.23374943966765505,0.749016266363405
0.9016047180444504,0.35897283113262723
0.2496490428693432,0.6304833148333493
0.22967261833389074,0.7056570784558069
0.3183314916923261,0.7719064457110656
0.6684585003569519,0.503841725287768
0.2412868671412638,0.6633502897573631
0.8388936134103426,0.3877429966790802
0.25159152832837295,0.7653203674572866
0.36631807692095064,0.6199730842305251
0.14202095965791528,0.8984240399871968
0.12669690770334696,0.8817466762457993
0.8342172595274933,0.4242693926331482
0.6458441326055291,0.523844120070549
0.9040268295427507,0.3950228242093268
0.4334417411163132,0.6329338529217479
0.8925997391572218,0.38067363480357064
0.2642776370669768,0.7937263501013492
0.18617053657241078,0.8244510726583922
0.1582083384831635,0.8199644017242427
0.9635244397137739,0.3804076975809312
0.8520353668862459,0.4002958861944741
0.7495392822949727,0.46525961828751683
0.5437317488456708,0.6212424042257101
0.8969043828596415,0.45071627839406236
0.11173257527822866,0.8983750944860966
0.7290832317202498,0.5180750770075853
0.8116831770043864,0.5031052728349921
0.6957971845951485,0.5030455451365501
0.5655307523303383,0.6585127717964951
0.2974197963802979,0.7653183812630346
0.3433200083381127,0.7293858573889824
0.8679109887859746,0.4621499474509718
0.2439175117001091,0.7267166960623435
0.4025778054895066,0.6601573406334478
0.19135049779649027,0.7800999225951695
0.1647552339191527,0.8731616353528973
0.6370669760869501,0.554957143602981
0.6208316346577771,0.6159008185390229
0.5794159261671068,0.6367907584084109
0.22478043273337123,0.7320778599494704
0.8058713606068364,0.43039736937084117
0.8305721016290688,0.042031599458718594
0.8693978295076992,0.425166726819975
0.5628928091143683,0.6046466163194819
0.898319279675476,0.38702839236302333
0.8709086515313891,0.3681484810721358
0.7812425634904938,0.46102420092567686
0.8844101245367424,0.4165262143591626
0.35322428604897227,0.7502366408574903
0.9666420089690033,0.3711211045055933
0.892156085070902,0.43083461584732996
0.8875996376978672,0.3809069416921489
0.8635224105266852,0.41463039194990015
0.8669757180094049,0.4598103524984023
0.7093706015063919,0.4986110827369097
0.6808328521700304,0.5442399231853552
0.31238412880541633,0.7338268458554336
0.40869303749015606,0.6872503070088789
0.8973120649930162,0.389593136620652
0.13722469926525105,0.909371517066518
0.9221327125250633,0.2715235358343515
0.21744215433259206,0.5317765542821233
0.5264099501710231,0.5937199942797577
0.7012409401408228,0.5532995226323993
0.8859928904663221,0.4422062872695185
0.5303501823501324,0.6020916611620732
0.8239292809852243,0.3941646464233719
0.646587552966394,0.504168028628436
0.0,0.045200725306548284
0.8885828710783619,0.46667903781941056
0.10447583330412669,0.8765865152165169
0.810187994960236,0.528692987712837
0.9125401917397291,0.4462067662260716
0.8725633613668591,0.38460395854188323
0.5094864496420348,0.6807568705296461
0.601598630483184,0.5847453755723098
0.667906930411797,0.5626742176097084
0.24878571599866328,0.768248585262211
0.5511179898503749,0.652822041535291
0.18732163906665067,0.8272311771208598
0.24761063220246393,0.6368397039095106
0.38742162264867774,0.7229511555110615
0.5088389544890248,0.5953926535782135
0.44003659915622717,0.7148751478295972
0.6342132011533155,0.5407335809833838
0.9040268295427507,0.4346947843674023
0.22535598398049117,0.6967392081554264
0.8468074430582417,0.5029639693013812
0.7153659269972263,0.5271267316776438
0.1976096176089196,0.8349580402278074
0.26024877833713733,0.734936277213698
0.18235750956024122,0.7771240361283025
0.15700927338499882,0.8258802812905064
0.2135811647164978,0.7893114659021487
0.6122463285549027,0.617721591179935
0.7741920607132748,0.423159961274884
0.9123963039279492,0.3808123137233508
0.5555785120155543,0.6401353676502268
0.9214852173720534,0.25790689742839135
0.8819160691325578,0.2181664135687682
0.8802133966931633,0.4811538540113174
0.5219567266629628,0.6213859776956081
0.4486458865610612,0.7067991401481326
0.44022844957193197,0.7192769798951764
0.6794659179581206,0.48722309614769066
0.8311956154801137,0.018834228823196852
0.176099432413113,0.7563927080566861
0.42118729581304937,0.6248676343405035
0.7977416992412674,0.4811146976104377
0.917528302548104,0.42401161299402035
0.4960089579386411,0.707947727907277
0.2573710221015376,0.6621118976440297
0.3340392444783038,0.728553783870286
0.23873755047602974,0.6892342313201287
0.21151877274764752,0.7826287734853277
0.22619532954920585,0.815670249761091
0.7394431541684086,0.5029476541343507
0.4468837821994067,0.16022799240025298
0.7277778147612017,0.03290877958388849
0.8631387096952701,0.448595306679741
0.45159558670255073,0.6834815034241957
0.8513638904312766,0.4168264134325719
0.4363194973519129,0.6925135798938142
0.41684668015768445,0.7103101640936957
0.3499628289819572,0.593473989935102
0.8012429693279117,0.49354685488978256
0.8593496639850657,0.39105823862024414
0.2519272665558635,0.7633475090854218
0.9193269001953539,0.3269200539790871
0.8730909500100541,0.43856800502109605
0.8579107858672659,0.3912050751235434
0.7100660592633323,0.4915498784449115
0.8956093925536215,0.4246446414749161
0.837742510916103,0.4269842364274856
0.8743619590141087,0.42909868207499646
0.12796791670740726,0.899027701167425
0.7142867684088767,0.4896899494031197
0.22645912387080624,0.7963628810939269
0.8754171363004934,0.4252189353544842
0.7716740240071249,0.46104051609271535
0.82078773042803,0.4628612887336274
0.8116988169839257,0.4507195414274716
0.405263711309396,0.7519203660953229
0.7092746762985425,0.42973497358929347
0.7363735475171043,0.5438595669869515
0.23916921391136958,0.6958647152024409
0.4143526247535001,0.6280537533882828
0.4636821628920693,0.6387583675526223
0.5140908596189941,0.6456857874749422
0.21228617441047792,0.7685389952354003
0.12511414177376712,0.882396019893718
0.890621281745247,0.4544622407449044
0.7789163772000545,0.5334341752526977
0.6551488777673031,0.5389421756431318
0.5165849150231787,0.6531809752100277
0.9025160075190608,0.28477145146535454
0.8823477325678979,0.4218580109456298
0.7986529887158718,0.5257203642793715
0.6516955702845835,0.6993985803818454
0.9285357201492725,0.43653839824216356
0.7250064103864853,0.5869413970549815
0.7158935156404216,0.48139858151681647
0.3439675034911227,0.5933173643315826
0.25442132196004796,0.6724818178103735
0.8828033773052029,0.46138966066722453
0.8123463121369356,0.4708459314797029
0.8801414527872735,0.4679059383803066
0.19043816565657878,0.7492541711626839
0.8703570815862345,0.4322377202121932
0.7494193757851579,0.04636900992189141
0.24715498746515885,0.5210150701069816
0.1587817096119276,0.8176426051357117
0.3632484702696406,0.7734890169132971
0.7335437538854293,0.5194879704726683
0.8950818039104265,0.3926962813903785
0.47715965459546306,0.6961877555096996
0.7579567192841017,0.5384754199949577
0.5980493977926149,0.6178716907166435
0.586010784207021,0.5532962595989899
0.7045983224156929,0.49316181694779515
0.1769617166184918,0.6787762092518055
0.8641699056796952,0.4387148415243953
0.443873607470362,0.7194597097659463
0.8290852609073385,0.4387507348918738
0.1833887055446607,0.7820968990400405
0.5620294822436884,0.6081152208307481
0.6768039934401908,0.561013333605725
0.96758249307209,0.2101507010698236
0.2594542673764384,0.6273842843231372
0.11492208843935348,0.8228032407880301
0.7148426985907543,0.0
0.8099481819406007,0.5003209122419929
0.24674730533178413,0.8038580688290047
0.6707846866473965,0.47602762852946934
0.254133546336488,0.7546384729230617
0.7967584658607727,0.4370604835872227
0.4372068055245524,0.7200764230798034
0.8989427935265206,0.397072009188699
0.5764662260256173,0.5618388810576107
0.9124442665318797,0.45071627839406236
0.827022868938494,0.4787914178248984
0.9061611654174853,0.41916274535174014
0.562221332659399,0.5872154918611401
0.828845447887709,0.41160882301533497
0.7093851988206301,0.5485437223777097
0.2401960496590717,0.7513977132661862
0.6613360536738424,0.5241900016116567
0.19516352480865984,0.7689827677787078
0.3648312361992203,0.7133969936963835
0.6774275072912355,0.5146456288971988
0.4065587016154155,0.6471019439734347
0.47730354240724293,0.15857472214088353
0.41922082905205427,0.7435702636076997
0.7236634574765408,0.4785695315532488
0.5008052183313052,0.5855317666233077
0.9579367963563141,0.376335431889429
0.4253360610527037,0.6339453932778127
0.6770677877617857,0.6156365128330841
0.3066286163342169,0.816929780656056
0.21003193202592285,0.7034186375388463
0.4151919703222149,0.7124376618748278
0.23713288857509252,0.7008791463223634
0.6181457288378822,0.5430601238023243
0.532196742601307,0.6442924722103069
0.5081434967320844,0.5903284257310866
0.9071204174960203,0.24846694178294393
0.19842498187566893,0.8455759509330594
0.6515037198688789,0.5081358772509277
0.17168583018655714,0.8225487241823111
0.2854771080025592,0.6145205554080091
0.5328442377543168,0.6011192772068883
0.9343391952243969,0.2537432668015007
0.64035241445593,0.5213152691803908
0.7028346066622044,0.5054308225568103
0.6970202309952787,0.49853603296855153
0.7315533058224746,0.5316101395783841
0.8540497962511657,0.4819598232627631
0.23305398191072035,0.7183763826749403
0.26893000964786107,0.8031336754127278
0.8979115975421015,0.43889757139517305
0.14190105314810053,0.8994225282096322
0.8573112533181806,0.483565235698836
0.7373567808975989,0.5432069603056235
0.22422886278821652,0.7803446501006683
0.7050060045490676,0.5172234252884489
0.3409458594437431,0.810544024279235
0.6816242351348203,0.5540337051488959
0.7907151777660133,0.41573003420793686
0.9132836121005945,0.43902809273143406
0.2126698752418873,0.7863290533684713
0.7347907815875243,0.529981885908462
0.3402264203848431,0.7440890859193574
0.9086072582177449,0.3721359078950677
0.9121804722102791,0.45552925266887967
0.15875554819160087,0.8058031333787761
0.21302959477133732,0.6864998093253516
0.6699933036826069,0.5135068302382746
0.5517654850033848,0.5892157313394206
0.8274065697699091,0.491226838137653
0.8234444416194426,0.4398387437264635
0.20696232537461856,0.787872468169815
0.24343788566084434,0.6887969848436322
0.2833907347317496,0.5703586612823748
0.8779111917046836,0.4553399967312912
0.25960128318412734,0.6407259766968336
0.399843937065687,0.7821752118418002
0.7667818384066056,0.5250318642305731
0.8574311598279953,0.45888365101091577
0.6432781332954547,0.5010975141927787
0.2692417665733863,0.807545296578527
0.2184733503170172,0.5788947566741769
0.8718199410059937,0.42783262511321274
0.22952873052211076,0.6925135798938142
0.7010271937537607,0.46012516428664063
0.18883246109034046,0.8246762219634516
0.6909049989946292,0.4652694073877368
0.7827294042122241,0.5122146690092404
0.45447334293815045,0.716040050755772
0.4999418914606253,0.28599123268064464
0.1982091501579989,0.8141725174274377
0.24276640920586923,0.6995258386847047
0.9554667222540949,0.35272412215889326
0.7745277989407651,0.52134789951446
0.7911708225033127,0.5110073466487763
0.9824717535954093,0.4018774642995757
0.36022682622226077,0.7555227549762671
0.42193071617391453,0.13681246467411645
0.818605431949365,0.46844107585900296
0.7052218362667375,0.47828891068027946
0.8657766529112345,0.4113216760755547
0.8244089070244891,0.4188038116770032
0.2778270726762606,0.7038885143494042
0.90534580115073,0.4225758782950957
0.7232078127392356,0.12165592550278337
0.24236289773370456,0.7861311432988103
0.4667688990447809,0.6590684914859084
0.5813823929280961,0.5801999700368405
0.41986832420506426,0.6998651941590017
0.9745798199188676,0.2733606236422941
0.130553537082724,0.9004192365956667
0.11849530243188788,0.8735075168939972
0.5500867938659497,0.6541631482654249
0.0618274858925395,0.8628926182195935
0.24681924923767395,0.7902022740221648
0.699226510775903,0.49585381950828333
0.9016286993464158,0.43058336227502036
0.8913407208041468,0.3720217017258296
0.8566397768632055,0.44512670216846706
0.20533159684110824,0.7527426505137995
0.11451440630597876,0.8800368467407085
0.5054336096102301,0.7052133059124999
0.7862546556008339,0.5373237110734295
0.7102818909810023,0.4842602618144529
0.1926215068005448,0.8214392928240468
0.8247729867906621,0.4442720840553309
0.5263932675261829,0.5821806313146809
0.8867123295252222,0.4468528468405888
0.6952216333480288,0.4764490618440662
0.190607077435625,0.7565081910650735
0.2451165767982738,0.8202907050649106
0.5951716415570152,0.6979432674824813
0.26041664745088244,0.563212618121806
0.6974279131286532,0.48305620248739833
0.8744578842219639,0.4086068322812173
0.8883190767567672,0.3924189235508182
0.27135212114616136,0.8048989764857293
0.8924918232983867,0.45581313657525846
0.6922239706026143,0.4952632104616843
0.9032834091818855,0.46663988141853063
0.13060585992337181,0.8289103624861263
0.771530136195345,0.5136471406747634
0.4131535596553353,0.6446383537514069
0.3562219487943865,0.589914020488447
0.2075858392256632,0.7010366231519873
0.9564739369365547,0.3749845360590751
0.7167328612091362,0.44395527317548145
0.6630147448112775,0.567281449041303
0.3431761205263326,0.7446079082310151
0.4073980471841361,0.6499146787699637
0.6759166852675456,0.4963563266529103
0.10777566045427911,0.9160574725167481
0.12055769440073816,0.9521890414286089
0.7686283986577858,0.5371997158039796
0.8995183447736406,0.38620284491114565
0.8487019659133468,0.4011932203813009
0.2611360865097824,0.6514874608719754
0.3126239418250515,0.6680995639452418
0.672895041220166,0.5561644659634373
0.8722755857432989,0.4279729355497013
0.1401743994067407,0.8407564505914313
0.7892523183462483,0.5220233474296372
0.9150822097478442,0.43166995239943584
0.9221806751289883,0.4479492260652238
0.33593376733340885,0.5735499079540807
0.738603808599694,0.53273262307027
0.8870240864507473,0.41132820214236543
0.24916941683007843,0.7927343879457323
0.798724932621762,0.44347887029811295
0.24480481987275426,0.7599539543424982
0.8204040295966148,0.45764933446499634
0.48471376471391214,0.6357927854017786
0.8860168717682873,0.36443841208877226
0.5219087640590381,0.6101774579437576
0.8927076550160566,0.4251373595193153
0.25300642514421334,0.7621238715579273
0.24739271515418604,0.7728077522863888
0.8877059895587507,0.45349922027688705
0.8872638994703825,0.4509055343316508
0.2015425511309039,0.7978181939932911
0.32904592034341784,0.7368111027123458
0.5832769157832012,0.6181359964225823
0.6693479886479528,0.5593064704946418
0.19511556220472936,0.7293369118878825
0.4967283969975409,0.24497114532661612
0.1984729444795994,0.8305007365943256
0.8859928904663221,0.45626017215196724
0.908679202123635,0.4551996862948027
0.6944062690812736,0.5200851055860858
0.7714581922894548,0.5353234715951491
0.20962424989254813,0.8384429599061123
0.378068914882979,0.722925051243811
0.7448869097140884,0.5291171820556966
0.755798402107402,0.4931552908809844
0.7808348813571193,0.5500821716934425
0.49927259512401156,0.655494465895339
0.4626749482096095,0.6539902074948749
0.8670956245192194,0.4569486722007736
0.25657963913674764,0.757095537078271
0.3827452687658284,0.7296566891617318
0.9177201529638086,0.38398071916121523
0.8677910822761543,0.40888419012078536
0.3877573608761684,0.7203603069861821
0.9121085283043893,0.4522792713958541
0.8843381806308526,0.4593828951221335
0.18288509820343068,0.8182154158182795
0.7407381444744285,0.4858363069498661
0.19022337660420985,0.8234688996029871
0.2375624666798245,0.6703151636283537
0.8756809306220938,0.44438599358515973
0.20674649365694853,0.7620912412238581
0.8348887359824684,0.4606554781507277
0.8852015075015323,0.43047894520601004
0.9263429950175797,0.4310030167453216
0.8382085823064362,0.5131905997398616
0.827910177111139,0.4720206235060975
0.7995163155865517,0.4926984662040559
0.5854112516579357,0.5915912196594608
0.7064323706832316,0.5334702104911933
0.5844999621833311,0.5659078837157034
0.9007413911737705,0.46385977695606306
0.7645275960220561,0.03341346208412177
0.21528383715589228,0.7933804685602492
0.22775411417682623,0.5920480443363976
0.4187891656167144,0.7035328437080763
0.9724215027421679,0.19674786228750274
0.6074980307661633,0.5520856742051246
0.28600469664575445,0.6086797256101042
0.3281398441953245,0.754765731225921
0.844577181975652,0.5008930307659627
0.7726812386895849,0.529622952233733
0.21660280876387739,0.7898922858485353
0.9151781349556993,0.3754870432036943
0.8293970178328638,0.4533854397207091
0.7792041528236147,0.4922579566941576
0.2116146979555027,0.8013651113063247
0.24288631571568398,0.7382254148876033
0.7819859838513592,0.44418042248054057
0.42950880759432297,0.7037318887458848
0.24988885588897847,0.647402143046844
0.646587552966394,0.4999326112666038
0.3659343760895355,0.760084475678767
0.8664241480642445,0.3966184475451795
0.2867241357046544,0.698455563727328
0.8959691120830715,0.402831263151443
0.8206438426162499,0.4713223343570716
0.758844027456747,0.4706729907091529
0.8970242893694562,0.3921056723437797
0.6601369885756778,0.5917152149289189
0.8263274111815593,0.5107789343103162
0.1637000566327681,0.8147598634406352
0.722008747641071,0.5075191639370704
0.8117707608898157,0.46030959660962
0.917528302548104,0.4237570963883015
0.9315573641966524,0.3705174433253655
0.254277434148268,0.7568964920404702
0.2674911315300612,0.75275896568083
0.18682675219886102,0.7653260938874515
0.5830371027635659,0.5505324703035606
0.928128038015898,0.3697082110405183
0.8721556792334841,0.4313338599585479
0.42622336922534876,0.7066098842105522
0.8328023627116585,0.43131428175810793
0.3440634286989779,0.7683986847989195
0.932468653671257,0.2549212218613046
0.9417973801349966,0.10961028265112827
0.1940843662203099,0.7610242292998828
0.7981733626766072,0.49404936203440974
0.3459819328560425,0.6681517724797432
0.7979575309589373,0.3746386545179674
0.8873358433762726,0.35978532645088346
0.7629927926964011,0.49080264379478544
0.8076939395560514,0.46971692192099845
0.20705825058246796,0.7946661037224652
0.21281376305366728,0.6827701621415481
0.8894701792510071,0.4150447971925397
0.11981427403987299,0.9088624838550803
0.7850555905026635,0.4529351411105911
0.8833549472503579,0.4104732873898198
0.9616538981606342,0.38041096061433244
0.20770574573547795,0.7267264851625634
0.2816400996884303,0.5941559639170897
0.9132596307986292,0.20794985597254256
0.23890541958977496,0.6680897748450219
0.7584123640214069,0.4853762192395281
0.3418811302203131,0.5820305317779724
0.8746976972415934,0.4662939998774229
0.43442497449680784,0.7202526268837628
0.8406442484536678,0.4050697040684037
0.4700851705162785,0.6512753637005375
0.25341410727758806,0.5824188327533615
0.9419412679467762,0.2511034727755217
0.26480522571017207,0.773825109354177
0.8849856757838621,0.4113967258439051
0.4155516898516647,0.641926772990479
0.6066367892260913,0.6311432988076005
0.2615437686431572,0.7429731284942824
0.8133848067784799,0.4844225622586784
0.9056231501212617,0.25185737536347563
0.6959170911049632,0.4503997641536224
0.8245527948362692,0.5148870933692886
0.37447171958847925,0.6226911910582638
0.13173193845034525,0.9742521127431913
0.7919142428641779,0.4558588190429489
0.2650210574278421,0.7628352128405749
0.24446908164526382,0.6554781507283083
0.1483171414824732,0.881073498266902
0.4221100546059888,0.62165723508141
0.8424428461009175,0.4480471170674236
0.12926290701342724,0.9171636408416035
0.4167747362517946,0.6993920543150347
0.3201780519435007,0.6674991657984153
0.6370909573889152,0.49335433591879285
0.3812104654401789,0.7748235975766127
0.22384516195680138,0.7380839178935164
0.8984871487892212,0.3900042788298903
0.5110212529676841,0.6234808451426788
0.2332937949303555,0.6768216522412236
0.5336116394171415,0.0004698768105579898
0.8052718280577513,0.4917521865161214
0.8915085899178921,0.45941878848960394
0.8312268954391979,0.45248796366285715
0.827094812844384,0.443129725723596
0.8918683094473421,0.4464710719320104
0.42305783736618907,0.7298589972329497
0.775822789246785,0.026861291003561272
0.2936787132740183,0.6863888661895228
0.7067086769884621,0.5058713320667083
0.754719243519052,0.5329708245089579
0.453298259141951,0.731366518666823
0.7353851008100927,0.534164810993758
0.5301823132363872,0.6372182157846797
0.6505444677903438,0.526513281397188
0.9417014549271412,0.43245308041703234
0.9163532187518988,0.3747430715869775
0.8655608211935644,0.4418179862941216
0.1902953205100999,0.8037438626597744
0.7975018862216321,0.5111411310184544
0.8660033852207063,0.44659655039846835
0.7590838404763762,0.5150208777389587
0.13897533430857612,0.8066708036255414
0.46243513518998003,0.6508674845247087
0.7575250558487618,0.5683094763030023
0.9412218288878764,0.3870871269643432
0.8974319715028309,0.4075039269897718
0.3643276288579904,0.7368320996229603
0.6035650972441788,0.495768980639713
0.889326291439227,0.409409538499254
0.6225343070971716,0.6197250936916168
0.7595634665156468,0.48351302716432687
0.22076721398307098,0.6948524654912966
0.32384093515207213,0.570277227318231
0.209231165073406,0.7577921237750875
0.8715655306721259,0.43112899820901607
0.22344477848054567,0.8074492498995542
0.43243452643385316,0.7471661264218332
0.7605706811981068,0.4969795660335783
0.7480524415732481,0.4720891472076374
0.5691998915307281,0.5714844078076695
0.26312653457273705,0.8304909474941053
0.4094124765490559,0.6434440835245723
0.3277801246658745,0.7304887626804282
0.522124595776708,0.5994224998354263
0.24194886482075828,0.6604047378935527
0.890189618309907,0.4266807743206671
0.4639751518421462,0.7067560113587641
0.9226842824702182,0.3173136836299002
0.22290989118023152,0.8482222710258489
0.4017144786188269,0.7407901591452322
0.7992765025669224,0.45627322428559647
0.3201300893395759,0.7616866250814305
0.11775188207102838,0.8625567767812752
0.6235655030815968,0.5721370144890052
0.6298965667999159,0.6948890682138544
0.1371047927554363,0.9676623458429512
0.22341349852146142,0.5803859629410195
0.09674426155115079,0.908412185244962
0.2664839168476013,0.7869881861166175
0.26156774994512233,0.6735031472666584
0.8891104597215571,0.41416051513934216
0.8771437900418533,0.4352560261133491
0.7826574603063343,0.5253288002705734
0.21727428521884684,0.692027387916218
0.8309078398565535,0.46971692192099845
0.6737343867888865,0.5587063689872245
0.5625091082829587,0.6379915547020563
0.9276244306746682,0.4323258221141728
0.8127779755722757,0.41020245561707047
0.9068806044763851,0.41756385898247794
0.7628113689337246,0.4638909885799498
0.7162292538679063,0.0735461625592142
0.9067367166646052,0.4504715508885635
0.8890145345137017,0.38156607444028734
0.2617356190588618,0.641897405689819
0.7476207781379081,0.582118633679952
0.1532354885033137,0.8193051271050791
0.15795705614519906,0.8173166629212705
0.8619636258990648,0.39712421772320794
0.7834060939937106,0.5137592187787317
0.901149073307151,0.382698347032401
0.8156797131098406,0.4341465947550849
0.8724914174609688,0.2641817106693838
0.5285995473068075,0.010102351426995337
0.3307538061093295,0.7645939878467578
0.7767100974194243,0.4588412315766266
0.6982672586973737,0.5317145566473942
0.7144306562206566,0.01605412436072906
