Time,Temperature,Salinity,Oxygen,PH
2020-06-23,23.109775,37.1357208333333,217.821666666667,
2020-06-24,23.0640125,37.1524291666667,220.565833333333,8.02365833333333
2020-06-25,23.1756541666667,37.1730041666667,220.555833333333,8.0288
2020-06-26,23.4567083333333,37.2057875,216.309583333333,8.02673333333333
2020-06-27,24.0914708333333,37.2270208333333,213.559166666667,8.01645416666667
2020-06-28,24.2374625,37.2266,213.219583333333,8.021425
2020-06-29,24.2789083333333,37.2321791666667,214.48125,8.02899583333333
2020-06-30,24.053525,37.2481333333333,215.688333333333,8.03060416666667
2020-07-01,24.6133125,37.2494125,210.92,8.0094375
2020-07-02,25.0415708333333,37.2419458333333,205.712916666667,8.00029583333333
2020-07-03,24.73725,37.2591541666667,218.48625,8.01914166666667
2020-07-04,24.9534625,37.2835958333333,217.25125,8.01584166666667
2020-07-05,25.383275,37.2942666666667,217.98625,8.0135625
2020-07-06,25.7006041666667,37.2973166666667,213.910416666667,8.00656666666667
2020-07-07,25.6509541666667,37.2780708333333,204.985833333333,7.99234166666667
2020-07-08,25.8353291666667,37.2868708333333,208.641666666667,7.99670833333333
2020-07-09,25.6681375,37.2806541666667,206.924583333333,7.99865833333333
2020-07-10,25.4008083333333,37.2461583333333,203.820833333333,7.99311666666667
2020-07-11,25.0637041666667,37.1557458333333,205.36625,7.99441666666667
2020-07-12,24.9773875,37.1390208333333,212.997916666667,8.0089875
2020-07-13,25.0758791666667,37.1451416666667,212.555,8.0163125
2020-07-14,25.0179083333333,37.1384625,207.860416666667,8.00830416666667
2020-07-15,25.0923130434783,37.1447782608696,211.71347826087,8.00738695652174
2020-07-16,25.2684958333333,37.1601958333333,209.804166666667,8.00562083333333
2020-07-17,25.4063541666667,37.1847208333333,207.203333333333,8.0031625
2020-07-18,25.5897208333333,37.1852583333333,210.629166666667,8.00248333333333
2020-07-19,25.8614166666667,37.1825291666667,211.167916666667,8.00655
2020-07-20,25.8610291666667,37.1755875,206.329583333333,7.9907625
2020-07-21,25.6435416666667,37.1748166666667,207.137083333333,7.99604583333333
2020-07-22,25.5675166666667,37.1818666666667,208.537916666667,8.00019166666667
2020-07-23,25.6782083333333,37.1832291666667,209.72375,8.00394166666667
2020-07-24,26.152025,37.1717791666667,203.320833333333,7.99335
2020-07-25,26.1609541666667,37.1786458333333,205.164583333333,7.99865
2020-07-26,26.0128291666667,37.18065,204.98375,7.99964583333333
2020-07-27,26.0381958333333,37.1801333333333,204.100833333333,7.99628333333333
2020-07-28,26.0924791666667,37.1847916666667,203.53,7.99297916666667
2020-07-29,26.2166333333333,37.18365,206.615833333333,7.99772083333334
2020-07-30,26.2988708333333,37.1901375,203.44,7.99392916666667
2020-07-31,26.4379833333333,37.1972916666667,201.987083333333,7.99090416666667
2020-08-01,26.8951083333333,37.1990708333333,201.856666666667,7.986575
2020-08-02,27.3443,37.20295,198.3225,7.98263333333333
2020-08-03,,,,7.98389583333333
2020-08-04,,,,7.9817125
2020-08-05,,,,7.98683333333333
2020-08-06,,,,7.9885125
2020-08-07,,,,7.987675
2020-08-08,,,,7.98734583333333
2020-08-09,,,,7.98849583333333
2020-08-10,,,,7.97982916666667
2020-08-11,,,,7.97173333333333
2020-08-12,,,,7.98092916666667
2020-08-13,,,,7.97410833333333
2020-08-14,,,,7.9827
2020-08-15,,,,7.98874583333333
2020-08-16,,,,7.98418333333333
2020-08-17,,,,7.97554166666667
2020-08-18,,,,7.98270833333333
2020-08-19,,,,7.98225833333333
2020-08-20,,,,7.985325
2020-08-21,,,,7.97965833333333
2020-08-22,,,,7.9809125
2020-08-23,,,,7.978175
2020-08-24,,,,7.97771666666667
2020-08-25,,,,7.98630416666666
2020-08-26,,,,7.98758333333333
2020-08-27,,,,7.99085833333333
2020-08-28,,,,7.98529583333333
2020-08-29,,,,7.9841875
2020-08-30,,,,7.96627083333333
2020-08-31,,,,7.9817
2020-09-01,,,,7.99412173913044
2020-09-02,,,,7.9977625
2020-09-03,26.5589,37.25486,193.836,7.99274166666666
2020-09-04,26.3276,37.2834958333333,189.958333333333,7.9953625
2020-09-05,26.2434083333333,37.3263541666667,193.389166666667,8.00070416666667
2020-09-06,26.2686791666667,37.3655416666667,192.216666666667,8.00165
2020-09-07,26.14965,37.2729625,189.97,8.00077916666667
2020-09-08,25.85465,37.1994166666667,190.230416666667,7.99525
2020-09-09,26.0351541666667,37.2724875,193.858333333333,8.00284166666667
2020-09-10,26.2430125,37.315225,194.05875,8.000425
2020-09-11,26.14825,37.3359958333333,194.05,7.99288333333333
2020-09-12,26.1954166666667,37.3432,186.255,7.98807083333333
2020-09-13,26.1526875,37.387775,192.0275,8.00360416666667
2020-09-14,26.1296125,37.35755,190.412916666667,8.01254583333333
2020-09-15,26.0529625,37.3840875,188.77625,8.01025416666667
2020-09-16,26.0414333333333,37.3793916666667,189.629166666667,8.0109625
2020-09-17,26.1647875,37.3549,195.32375,8.00865416666667
2020-09-18,26.0604666666667,37.3510125,188.599583333333,7.99813333333333
2020-09-19,26.1243375,37.3502458333333,192.41,8.00116666666667
2020-09-20,26.1164625,37.3470125,192.980833333333,7.99597083333333
2020-09-21,26.0138041666667,37.3194458333333,187.019583333333,7.99204166666667
2020-09-22,25.925475,37.29535,187.183333333333,7.99988333333333
2020-09-23,25.9244208333333,37.2750625,189.282083333333,8.00610833333333
2020-09-24,25.9600291666667,37.2466291666667,194.325,8.00986666666667
2020-09-25,25.3377208333333,37.2446166666667,201.67875,8.01142083333333
2020-09-26,24.4593625,37.2656458333333,205.88625,8.0312125
2020-09-27,24.0093166666667,37.273225,203.965833333333,8.03064166666667
2020-09-28,23.8564208333333,37.3012416666667,203.317083333333,8.0372625
2020-09-29,23.9443791666667,37.3230583333333,198.605,8.03882916666667
2020-09-30,23.9873708333333,37.3459791666667,195.9525,8.0399375
2020-10-01,24.1922208333333,37.3557958333333,194.3775,8.0423125
2020-10-02,24.1116,37.362225,195.03125,8.02653333333334
2020-10-03,23.5625125,37.3830208333333,204.505,8.03875416666667
2020-10-04,22.9131708333333,37.3897666666667,206.96,8.04630833333333
2020-10-05,22.4329,37.3882,208.539166666667,8.05159583333334
2020-10-06,22.3323708333333,37.4200708333333,200.686666666667,8.0568375
2020-10-07,22.5321041666667,37.4929541666667,196.02125,8.05507916666667
2020-10-08,22.7142083333333,37.5371666666667,195.591666666667,8.05669166666667
2020-10-09,22.9402625,37.4813125,201.234583333333,8.0565625
2020-10-10,23.0936291666667,37.4211583333333,200.565833333333,8.0614
2020-10-11,22.7635666666667,37.4725958333333,197.290833333333,8.0540375
2020-10-12,22.4363208333333,37.4629166666667,209.3675,8.0588375
2020-10-13,22.295925,37.4763958333333,210.400833333333,8.06660416666667
2020-10-14,22.2001708333333,37.5504958333333,208.13375,8.06823333333333
2020-10-15,21.8075375,37.6022541666667,211.508333333333,8.07234166666667
2020-10-16,21.7164083333333,37.6289333333333,211.135416666667,8.0799875
2020-10-17,21.7461208333333,37.652725,205.564583333333,8.07922083333333
2020-10-18,21.9354041666667,37.61115,206.407916666667,8.0830375
2020-10-19,21.96635,37.506225,204.900416666667,8.08263333333333
2020-10-20,21.870925,37.5143041666667,200.99875,8.0773875
2020-10-21,21.7926541666667,37.6012958333333,209.052083333333,8.074825
2020-10-22,21.77185,37.5940958333333,205.854166666667,8.0722
2020-10-23,21.8444208333333,37.487375,209.27375,8.07556666666667
2020-10-24,21.827875,37.4229625,209.785,8.07046666666667
2020-10-25,21.6122958333333,37.4410291666667,212.695,8.07570833333333
2020-10-26,21.2908458333333,37.4152666666667,212.683333333333,8.07363333333333
2020-10-27,21.0011166666667,37.4394666666667,214.01625,8.07987083333333
2020-10-28,20.8371791666667,37.4902416666667,212.154166666667,8.08355
2020-10-29,21.1734125,37.5542875,211.301666666667,8.0850875
2020-10-30,21.1909083333333,37.5728041666667,210.1775,8.08179166666667
2020-10-31,21.1594375,37.5746041666667,206.110833333333,8.07767083333333
2020-11-01,21.0983875,37.568,208.700833333333,8.08068333333333
2020-11-02,21.0929333333333,37.4891291666667,209.39625,8.08371666666667
2020-11-03,21.0774083333333,37.4843166666667,205.759583333333,8.0775375
2020-11-04,20.9288791666667,37.5283458333333,204.61875,8.07095416666667
2020-11-05,20.8756791666667,37.5111208333333,210.582916666667,8.08285416666667
2020-11-06,21.0480833333333,37.4442708333333,213.2825,8.07847916666667
2020-11-07,20.9863833333333,37.4450291666667,209.732916666667,8.07001666666667
2020-11-08,21.0490291666667,37.4312791666667,213.9125,8.07305
2020-11-09,21.1251916666667,37.4367208333333,210.250416666667,
2020-11-10,21.0876333333333,37.4431291666667,208.655416666667,
2020-11-11,20.9174125,37.448775,206.320833333333,
2020-11-12,20.7859041666667,37.4500958333333,208.48,
2020-11-13,20.7385916666667,37.4497833333333,205.9625,
2020-11-14,20.7342416666667,37.453,208.702083333333,
2020-11-15,20.73665,37.4556958333333,210.923333333333,
2020-11-16,20.6446833333333,37.4617458333333,210.159583333333,
2020-11-17,20.5132416666667,37.4815333333333,210.480833333333,
2020-11-18,20.4819043478261,37.4879130434783,214.35652173913,
2020-11-19,20.5763333333333,37.4796166666667,213.499583333333,8.08264545454546
2020-11-20,20.4099458333333,37.4740041666667,214.301666666667,8.07881666666667
2020-11-21,20.1004458333333,37.482925,219.357916666667,8.0897125
2020-11-22,19.9362125,37.4901291666667,218.357916666667,8.08894583333333
2020-11-23,19.885625,37.4841541666667,218.369583333333,8.09133333333334
2020-11-24,19.9654375,37.4823291666667,217.90875,8.0917375
2020-11-25,19.907325,37.4004166666667,217.638333333333,8.09166086956522
2020-11-26,19.7902208333333,37.301775,215.182083333333,8.09042083333333
2020-11-27,19.6793208333333,37.3381375,209.9525,8.08101739130435
2020-11-28,19.5165,37.2134833333333,216.86375,8.08831666666667
2020-11-29,19.3208666666667,37.2793625,216.140833333333,8.08787083333333
2020-11-30,19.3749375,37.3572875,215.21375,8.0914625
2020-12-01,19.4601333333333,37.4015916666667,215.179166666667,8.09450833333333
2020-12-02,19.220775,37.4128333333333,218.42375,8.0959875
2020-12-03,19.0568291666667,37.4297583333333,219.598333333333,8.10173333333333
2020-12-04,18.7711208333333,37.4030125,221.2425,8.09474166666667
2020-12-05,18.5342625,37.396775,222.274583333333,8.10268333333333
2020-12-06,18.24345,37.4092166666667,223.491666666667,8.10607083333333
2020-12-07,18.0568583333333,37.4219875,226.21625,8.10475833333333
2020-12-08,17.8565,37.416025,230.065,8.10524583333334
2020-12-09,17.5453833333333,37.4158208333333,231.808333333333,8.11104583333333
2020-12-10,17.3312916666667,37.4215416666667,230.180833333333,8.108175
2020-12-11,17.3521708333333,37.4263708333333,228.789166666667,8.10824583333333
2020-12-12,17.284725,37.434975,228.885416666667,8.10796666666666
2020-12-13,17.0981458333333,37.4419416666667,229.081666666667,8.11005
2020-12-14,17.1141916666667,37.4476958333333,225.12375,8.11056086956522
2020-12-15,17.0892166666667,37.4571125,222.87125,8.10502083333333
2020-12-16,17.0417125,37.458,222.420833333333,8.10489166666667
2020-12-17,17.0046541666667,37.4709125,222.044583333333,8.10777083333333
2020-12-18,17.2092,37.4486208333333,224.399166666667,8.11206666666667
2020-12-19,17.2506208333333,37.4278833333333,222.957916666667,8.113275
2020-12-20,17.191475,37.4125875,224.424166666667,8.11293333333333
2020-12-21,17.0107208333333,37.4303666666667,223.683333333333,8.10943333333333
2020-12-22,17.1452208333333,37.4152958333333,226.032083333333,8.11375833333333
2020-12-23,17.2350958333333,37.3874666666667,222.487916666667,8.11248333333334
2020-12-24,17.1773916666667,37.3533666666667,224.370416666667,8.10929583333333
2020-12-25,16.9698833333333,37.3634,229.7825,8.10867083333334
2020-12-26,16.6259166666667,37.3888125,236.131666666667,8.112325
2020-12-27,16.5950458333333,37.3948666666667,231.052083333333,8.11814166666667
2020-12-28,16.322675,37.4067041666667,234.053333333333,8.10599583333333
2020-12-29,16.2457333333333,37.415025,234.707083333333,8.11359583333333
2020-12-30,15.9766,37.4507,233.997083333333,8.11282083333333
2020-12-31,15.8502333333333,37.4418416666667,231.417083333333,8.11163333333334
2021-01-01,15.695875,37.4402208333333,233.724166666667,8.10991666666667
2021-01-02,15.430525,37.4403833333333,234.837916666667,8.10989166666667
2021-01-03,15.302275,37.4750583333333,235.847083333333,8.11385833333334
2021-01-04,15.2791916666667,37.4996083333333,234.514166666667,8.11529166666667
2021-01-05,15.0267791666667,37.5102083333333,234.7425,8.11915833333333
2021-01-06,14.9311166666667,37.5450875,231.76625,8.1196625
2021-01-07,15.0978916666667,37.4829875,230.47875,8.11255
2021-01-08,14.7486708333333,37.4508291666667,230.977916666667,8.110375
2021-01-09,15.0054208333333,37.4731708333333,231.965416666667,8.11175416666667
2021-01-10,15.1482,37.4171416666667,238.790833333333,8.11100833333333
2021-01-11,14.8861708333333,37.4533041666667,238.135416666667,8.11405
2021-01-12,14.7469708333333,37.4773375,238.679166666667,8.12059583333333
2021-01-13,14.7886333333333,37.4339958333333,240.181666666667,8.1253875
2021-01-14,14.6726782608696,37.4515391304348,240.230869565217,8.1225347826087
2021-01-15,14.831525,37.4052791666667,240.05625,8.11810416666667
2021-01-16,14.9158125,37.380175,238.89375,8.11955416666667
2021-01-17,14.9962291666667,37.3934333333333,238.397083333333,8.1181875
2021-01-18,14.9474625,37.3910291666667,238.740416666667,8.12029583333333
2021-01-19,14.8779375,37.3886083333333,242.665416666667,8.1279
2021-01-20,14.8614583333333,37.3034541666667,241.099166666667,8.11964166666666
2021-01-21,14.9137041666667,37.338,242.279166666667,8.11965
2021-01-22,14.8882208333333,37.4640208333333,238.314166666667,8.1054625
2021-01-23,14.5622666666667,37.52485,245.080416666667,8.10475416666667
2021-01-24,14.4972625,37.5594708333333,242.882916666667,8.107375
2021-01-25,14.4378666666667,37.5851833333333,243.46,8.10909583333333
2021-01-26,14.4778958333333,37.6587125,238.350833333333,8.10469583333333
2021-01-27,14.56315,37.7218583333333,236.700833333333,8.10512916666667
2021-01-28,14.6822333333333,37.6725125,236.05375,8.099975
2021-01-29,14.6369958333333,37.6915958333333,234.9825,8.10112083333333
2021-01-30,14.5890708333333,37.7082541666667,240.630833333333,8.10966666666667
2021-01-31,14.39115,37.7504458333333,244.923333333333,8.10457083333333
2021-02-01,14.4370166666667,37.7673541666667,246.877916666667,8.11025833333333
2021-02-02,14.487975,37.7745958333333,244.543333333333,8.10963333333333
2021-02-03,14.5069166666667,37.7909458333333,245.359583333333,8.11397083333334
2021-02-04,14.5364958333333,37.8185416666667,242.099166666667,8.11286666666667
2021-02-05,14.5132,37.8376375,234.624166666667,8.10254583333333
2021-02-06,14.6102333333333,37.8230875,234.705833333333,8.09740416666667
2021-02-07,14.5295416666667,37.7963291666667,240.500416666667,8.10600833333333
2021-02-08,14.3493625,37.8060458333333,241.547916666667,8.1048375
2021-02-09,14.3160791666667,37.8276833333333,245.727083333333,8.10546666666667
2021-02-10,14.3409041666667,37.8474916666667,243.694583333333,8.1034625
2021-02-11,14.3753458333333,37.8670541666667,243.437916666667,8.1008875
2021-02-12,14.4290916666667,37.8765,240.183333333333,8.10595833333333
2021-02-13,14.4262,37.8646291666667,238.644583333333,8.10820416666667
2021-02-14,14.5479208333333,37.7981833333333,233.299583333333,8.105145
2021-02-15,14.3863708333333,37.8094416666667,228.095,
2021-02-16,14.4853083333333,37.7139791666667,223.445416666667,
2021-02-17,14.7086708333333,37.6353541666667,222.590416666667,
2021-02-18,14.8616,37.4787166666667,230.932083333333,
2021-02-19,15.0360125,37.3842416666667,240.83,
2021-02-20,14.9789041666667,37.4585625,241.804166666667,
2021-02-21,14.9680458333333,37.4882791666667,240.814583333333,
2021-02-22,14.9892375,37.3750291666667,243.009583333333,
2021-02-23,15.0201791666667,37.2905833333333,244.66,
2021-02-24,15.0409583333333,37.3100208333333,246.14875,
2021-02-25,15.0073791666667,37.3418166666667,244.374166666667,
2021-02-26,14.9851166666667,37.3831916666667,242.992916666667,
2021-02-27,14.9425875,37.42325,245.43875,
2021-02-28,14.9017625,37.4748,240.585833333333,
2021-03-01,14.7474833333333,37.6947583333333,236.81375,
2021-03-02,14.8859166666667,37.5024333333333,237.894583333333,
2021-03-03,14.9908916666667,37.3708708333333,242.044583333333,
2021-03-04,15.0508875,37.3228958333333,244.322083333333,
2021-03-05,15.0726208333333,37.3062375,245.31625,
2021-03-06,15.0232375,37.3289583333333,247.235833333333,
2021-03-07,15.074025,37.3257166666667,240.237083333333,
2021-03-08,15.0659666666667,37.2353708333333,240.874166666667,
2021-03-09,15.0380791666667,37.2523541666667,245.68875,
2021-03-10,15.140675,37.2696791666667,249.122916666667,8.16826666666667
2021-03-11,15.2474791666667,37.250625,256.92,
2021-03-12,15.3890666666667,37.255175,249.75625,
2021-03-13,15.3526583333333,37.2568041666667,250.145,
2021-03-14,15.3535,37.248025,249.957083333333,8.17086666666667
2021-03-15,15.4839208333333,37.2614375,242.464166666667,8.13759090909091
2021-03-16,15.5613375,37.2890875,242.860833333333,8.121875
2021-03-17,15.5855041666667,37.2941833333333,246.4475,8.11970416666667
2021-03-18,15.2522083333333,37.3597875,241.03625,8.11525833333333
2021-03-19,14.8416875,37.4211041666667,238.718333333333,8.13287826086956
2021-03-20,14.5405666666667,37.4348666666667,239.745416666667,8.15135625
2021-03-21,14.3530125,37.4658791666667,242.24875,8.11791666666667
2021-03-22,14.6437166666667,37.3647333333333,244.05375,8.11922083333333
2021-03-23,14.8862083333333,37.32905,248.488333333333,8.13527083333334
2021-03-24,14.8664166666667,37.3825333333333,244.356666666667,8.13799583333333
2021-03-25,14.9825541666667,37.4245875,238.4475,8.13104166666667
2021-03-26,15.076,37.4207791666667,240.205,8.1366375
2021-03-27,15.2494166666667,37.4233583333333,244.311666666667,8.13530833333333
2021-03-28,15.2322708333333,37.3529541666667,244.884583333333,8.1323875
2021-03-29,15.1979375,37.3224833333333,245.345,8.12876666666667
2021-03-30,15.4028166666667,37.3029958333333,245.437916666667,8.12485
2021-03-31,15.5811916666667,37.2448416666667,246.0075,8.12479583333333
2021-04-01,15.6837208333333,37.2307958333333,247.269166666667,8.12994166666667
2021-04-02,15.8926833333333,37.2092041666667,245.187916666667,8.12272083333333
2021-04-03,15.9612916666667,37.2176666666667,248.327083333333,8.12950416666667
2021-04-04,16.26405,37.175225,241.360833333333,8.11829166666667
2021-04-05,16.0899041666667,37.2234458333333,247.97875,8.12779583333333
2021-04-06,16.3172666666667,37.2223875,248.380416666667,8.1231625
2021-04-07,15.8198875,37.2824833333333,245.013333333333,8.11696666666667
2021-04-08,15.6149,37.3162434782609,249.634347826087,8.12776086956522
2021-04-09,15.6379166666667,37.320825,244.830833333333,8.12449583333333
2021-04-10,15.6916375,37.3257041666667,242.291666666667,8.1369625
2021-04-11,15.6942541666667,37.3432416666667,243.088333333333,8.1744875
2021-04-12,15.7493541666667,37.3824333333333,248.228333333333,8.18095
2021-04-13,15.836075,37.3974083333333,243.795416666667,8.15208695652174
2021-04-14,16.2688,37.2942875,239.661666666667,8.13614583333333
2021-04-15,15.99915,37.3535875,241.852916666667,8.1480375
2021-04-16,15.7267583333333,37.3025333333333,243.555,8.13302916666667
2021-04-17,15.5058708333333,37.2953958333333,244.679166666667,8.12697083333333
2021-04-18,15.376825,37.3630208333333,248.570833333333,8.13644166666667
2021-04-19,15.44605,37.3634708333333,258.510833333333,8.15818333333333
2021-04-20,15.5558458333333,37.4285875,248.0225,8.158175
2021-04-21,15.63925,37.4288166666667,241.384583333333,8.14589565217391
2021-04-22,15.7727375,37.3777375,243.836666666667,8.137225
2021-04-23,16.0368583333333,37.2020125,243.275833333333,8.14430416666667
2021-04-24,16.0933958333333,37.1857958333333,241.130416666667,8.14564583333334
2021-04-25,16.0471041666667,37.2254541666667,244.412083333333,8.12890833333334
2021-04-26,16.3060916666667,37.2385375,243.942083333333,8.1123375
2021-04-27,16.6396125,37.09045,239.01375,8.11219166666667
2021-04-28,17.2228791666667,37.0525333333333,239.01625,8.098575
2021-04-29,17.5932666666667,37.0158375,235.982916666667,8.0962375
2021-04-30,17.0279291666667,36.9991125,238.251666666667,8.11511666666667
2021-05-01,17.4381958333333,36.9766,236.41375,8.09295416666667
2021-05-02,17.4633833333333,37.0166583333333,238.295416666667,8.09265833333333
2021-05-03,17.0410833333333,37.0435833333333,245.681666666667,8.1424125
2021-05-04,16.9276083333333,37.0382708333333,240.606666666667,8.14297083333333
2021-05-05,17.4450875,37.039225,243.895833333333,8.14133333333333
2021-05-06,17.905375,37.0502875,238.707083333333,8.15337083333333
2021-05-07,18.3137916666667,37.0513416666667,235.359166666667,8.13043333333333
2021-05-08,18.0207041666667,37.058675,241.40875,8.16873333333333
2021-05-09,17.77145,37.0227916666667,241.847083333333,8.14
2021-05-10,18.4941833333333,36.9674041666667,229.02625,8.13189583333333
2021-05-11,18.4730916666667,36.9602458333333,231.175833333333,8.06715416666667
2021-05-12,18.323425,36.9668875,236.930833333333,8.07615
2021-05-13,18.3652625,36.9812291666667,244.91125,8.12042083333333
2021-05-14,18.7816583333333,36.9418833333333,232.839583333333,8.09600833333333
2021-05-15,18.5219625,36.9619291666667,236.8125,8.14429130434783
2021-05-16,18.6708458333333,36.9574041666667,235.16,8.1533625
2021-05-17,18.2355260869565,36.9838434782609,239.668260869565,8.14028695652174
2021-05-18,18.3406708333333,36.9501458333333,238.285416666667,8.165
2021-05-19,18.5072833333333,36.934275,240.4225,8.1628125
2021-05-20,18.5893541666667,36.9621,240.494583333333,8.15742083333333
2021-05-21,18.780925,37.0006666666667,237.072916666667,8.1393
2021-05-22,18.7231666666667,37.0180166666667,239.814166666667,8.13452083333333
2021-05-23,18.7084916666667,37.0434833333333,232.275833333333,8.09320833333333
2021-05-24,18.6617208333333,36.8260375,233.012083333333,8.1081875
2021-05-25,18.791475,36.9346458333333,233.137916666667,8.13284583333333
2021-05-26,18.6498375,37.0067083333333,236.719583333333,8.1338
2021-05-27,18.9380291666667,37.0038625,237.179583333333,8.158125
2021-05-28,18.9379666666667,37.0237333333333,235.49,8.17622916666667
2021-05-29,19.7746291666667,37.0501875,231.29125,8.1204875
2021-05-30,20.4651916666667,37.0579666666667,236.675833333333,8.08234166666667
2021-05-31,19.9408208333333,37.0213666666667,233.4175,8.08380416666667
2021-06-01,19.7046875,36.9943333333333,233.424583333333,8.12324166666667
2021-06-02,19.8422958333333,36.9895916666667,238.234166666667,8.11042916666667
2021-06-03,20.0915708333333,36.9955916666667,236.61875,8.1077625
2021-06-04,20.0609541666667,37.0098041666667,228.59125,8.09569166666667
2021-06-05,20.4128208333333,37.0110708333333,222.168333333333,8.12925416666667
2021-06-06,20.4381583333333,36.9667333333333,228.34875,8.16025833333333
2021-06-07,21.1140041666667,36.90285,227.207083333333,8.15498333333333
2021-06-08,21.2758166666667,36.9473166666667,231.670833333333,8.16124583333333
2021-06-09,21.5255583333333,36.9436041666667,224.26375,8.0938125
2021-06-10,21.7202916666667,36.9508875,229.744166666667,8.06631666666667
2021-06-11,21.939925,36.966575,225.637083333333,8.04874166666667
2021-06-12,21.8710083333333,36.9722791666667,224.745,8.05136666666667
2021-06-13,22.5140041666667,36.9564458333333,219.992083333333,8.04600416666666
2021-06-14,23.2199625,36.8761375,208.881666666667,8.0235125
2021-06-15,22.8994208333333,36.91575,220.61125,8.02725416666667
2021-06-16,22.6123,36.9134166666667,223.63375,8.0146375
2021-06-17,23.4448565217391,36.8387086956522,214.167826086956,7.97021666666667
2021-06-18,23.9539083333333,36.7975541666667,210.282916666667,7.951525
2021-06-19,23.9959208333333,36.8054958333333,210.487916666667,7.9559625
2021-06-20,23.9988708333333,36.8234291666667,206.167083333333,7.94916666666667
2021-06-21,23.5678083333333,36.8176041666667,211.74875,7.950325
2021-06-22,23.806975,36.8145708333333,213.959166666667,7.95784166666667
2021-06-23,23.7015375,36.80645,216.299583333333,7.9597375
2021-06-24,22.9821791666667,36.8061666666667,218.715833333333,7.97306666666667
2021-06-25,22.7741375,36.8017791666667,218.509583333333,7.97505
2021-06-26,22.8572,36.8055583333333,215.405833333333,7.96931666666667
2021-06-27,23.4658541666667,36.8642041666667,212.435416666667,7.96513333333333
2021-06-28,24.5285125,36.8618291666667,211.522083333333,7.95557083333333
2021-06-29,24.3688416666667,36.8633291666667,210.845833333333,7.95696666666667
2021-06-30,23.9801,36.898175,210.767916666667,7.96045416666667
2021-07-01,24.1914916666667,36.8922833333333,208.75,7.95769583333333
2021-07-02,24.2536375,36.908275,211.945833333333,7.96085833333333
2021-07-03,25.1066875,36.9175625,209.663333333333,7.95093333333333
2021-07-04,25.7424791666667,36.9259125,208.07875,7.94292916666667
2021-07-05,25.1525625,36.9089083333333,214.150416666667,7.9518625
2021-07-06,25.5055375,36.9300458333333,211.529583333333,7.944025
2021-07-07,25.7496083333333,36.9444875,204.87,7.94210833333333
2021-07-08,25.3292666666667,36.9558875,208.021666666667,7.9475
2021-07-09,25.2373666666667,36.9842291666667,207.201666666667,7.95344583333333
2021-07-10,25.1554833333333,37.0035625,205.9725,7.9549375
2021-07-11,25.3273375,37.0026791666667,208.822916666667,7.95414583333333
2021-07-12,25.6521041666667,37.0167625,207.924166666667,7.95237916666667
2021-07-13,25.902225,37.0360833333333,199.020833333333,7.939275
2021-07-14,25.5825708333333,37.0400375,200.031666666667,7.9373125
2021-07-15,25.33475,37.0258541666667,198.289166666667,7.94785
2021-07-16,25.2228173913043,37.0088130434783,206.09,7.95195
2021-07-17,25.4840416666667,37.0300708333333,210.822083333333,
2021-07-18,25.8725416666667,37.0070958333333,211.073333333333,
2021-07-19,26.3841208333333,36.9790375,207.667083333333,
2021-07-20,26.019875,36.9862291666667,208.7525,
2021-07-21,26.2969916666667,36.9813666666667,200.762083333333,
2021-07-22,26.2117458333333,36.9657541666667,200.472916666667,
2021-07-23,26.0325083333333,36.9715083333333,205.3025,
2021-07-24,26.5847166666667,36.9349416666667,202.503333333333,
2021-07-25,26.6475875,36.9525875,198.490833333333,
2021-07-26,26.189525,36.9997583333333,201.94625,
2021-07-27,26.1183875,37.0152583333333,199.849166666667,
2021-07-28,26.2114958333333,37.05225,199.659583333333,
2021-07-29,26.2455541666667,37.0766,202.51125,
2021-07-30,26.7299625,37.0906291666667,199.7825,
2021-07-31,27.1374333333333,37.0833625,195.92875,
2021-08-01,27.2891083333333,37.0291708333333,194.526666666667,
2021-08-02,26.9556291666667,37.0082958333333,192.669166666667,
2021-08-03,26.6719625,36.9851791666667,195.2325,
2021-08-04,26.6488625,36.9660458333333,198.0575,
2021-08-05,26.8471625,36.9682416666667,195.729166666667,
2021-08-06,26.7306416666667,36.9562,198.995,
2021-08-07,26.8967208333333,36.98885,198.8125,
2021-08-08,26.4620333333333,37.0040916666667,202.517083333333,
2021-08-09,26.0464583333333,37.0146375,199.952916666667,
2021-08-10,26.22205,37.0538208333333,196.053333333333,
2021-08-11,26.4676333333333,37.1079666666667,197.130833333333,
2021-08-12,26.53085,37.1097625,195.610833333333,
2021-08-13,26.6231708333333,37.1016916666667,198.0575,
2021-08-14,26.8718,37.0806625,197.447083333333,
2021-08-15,27.0335958333333,37.0692625,196.57,
2021-08-16,27.0985958333333,37.053725,196.919583333333,
2021-08-17,26.5546,37.0485181818182,192.828181818182,
